-- phpMyAdmin SQL Dump
-- version 4.8.3
-- https://www.phpmyadmin.net/
--
-- Hôte : localhost:8889
-- Généré le :  lun. 19 nov. 2018 à 08:58
-- Version du serveur :  5.7.23
-- Version de PHP :  7.2.8

SET SQL_MODE = "NO_AUTO_VALUE_ON_ZERO";
SET time_zone = "+00:00";


/*!40101 SET @OLD_CHARACTER_SET_CLIENT=@@CHARACTER_SET_CLIENT */;
/*!40101 SET @OLD_CHARACTER_SET_RESULTS=@@CHARACTER_SET_RESULTS */;
/*!40101 SET @OLD_COLLATION_CONNECTION=@@COLLATION_CONNECTION */;
/*!40101 SET NAMES utf8mb4 */;

--
-- Base de données :  `relax`
--

-- --------------------------------------------------------

--
-- Structure de la table `t_agenda`
--

CREATE TABLE `t_agenda` (
  `id` int(11) NOT NULL,
  `date` date NOT NULL,
  `nom` varchar(100) COLLATE utf8mb4_bin NOT NULL,
  `lieu` varchar(50) COLLATE utf8mb4_bin NOT NULL,
  `rue` varchar(100) COLLATE utf8mb4_bin NOT NULL,
  `cp` smallint(6) NOT NULL,
  `commune` varchar(50) COLLATE utf8mb4_bin NOT NULL,
  `telephone` varchar(20) COLLATE utf8mb4_bin NOT NULL,
  `mail` varchar(50) COLLATE utf8mb4_bin NOT NULL,
  `web` varchar(50) COLLATE utf8mb4_bin NOT NULL,
  `lien` varchar(200) COLLATE utf8mb4_bin NOT NULL
) ENGINE=InnoDB DEFAULT CHARSET=utf8mb4 COLLATE=utf8mb4_bin;

--
-- Déchargement des données de la table `t_agenda`
--

INSERT INTO `t_agenda` (`id`, `date`, `nom`, `lieu`, `rue`, `cp`, `commune`, `telephone`, `mail`, `web`, `lien`) VALUES
(1, '2018-11-20', 'Yoga du Rire !', 'La Tricoterie', 'Rue Théodore Vaerhaegen 158 ', 1060, 'Saint-Gilles', '02 537 96 69', '', 'www.tricoterie.be', 'https://www.facebook.com/events/1055606557947538/?event_time_id=1055606577947536'),
(2, '2018-11-20', 'Méditation', 'La Tricoterie', 'Rue Théodore Vaerhaegen 158 ', 1060, 'Saint-Gilles', '02 537 96 69', '', 'www.tricoterie.be', 'https://www.facebook.com/events/2229515513945132/?event_time_id=2229515527278464'),
(3, '2018-11-20', 'A - C Yoga Series', 'Artist Commons Brussels', 'Rue des Pierres 6 ', 1190, 'Forest', '0488 36 77 23', 'info@artistcommons.net', '', 'https://www.facebook.com/events/287126808765326/?event_time_id=287126842098656'),
(4, '2018-11-20', 'Hatha Flow Yoga with Pop Up x Les Galeries', 'Coworking Les Galeries', 'Galerie du Roi 30 ', 1000, 'Bruxelles', '', '', 'www.popupyogaconcepts.be', 'https://www.facebook.com/events/1666702696788622/?event_time_id=1666702750121950'),
(5, '2018-11-20', 'Hatha Flow Yoga at Corpus Studios', 'Corpus Studios', 'Rue Borrens 33 ', 1050, 'Ixelles', '02 513 07 66', 'info@corpusstudios.com', 'www.corpusstudios.com', 'https://www.facebook.com/events/311678056263771/?event_time_id=311678106263766'),
(6, '2018-11-21', 'Hatha yoga class, Sivananda tradition', 'Sampoorna Yoga Studio', 'Rue du Houblon 40 ', 1000, 'Bruxelles', '', '', 'www.sampoornayogastudio.be', 'https://www.facebook.com/events/183712685761701/?event_time_id=183712699095033'),
(7, '2018-11-21', 'Hatha Yoga at Kinov', 'Kinov Brussels', 'Rue des Ménapiens 8A ', 1040, 'Saint-Josse-ten-Noode', '', '', 'www.kinovhappiness.com', 'https://www.facebook.com/events/543687259421686/?event_time_id=543687292755016'),
(8, '2018-11-22', 'Feminine Yoga - Weekly Classes', 'SHALA YOGA Brussels', 'Rue Alphonse Renard 55 ', 1050, 'Ixelles', '', '', 'www.curtisnlindsey.wixsite.com', 'https://www.facebook.com/events/1142319042592351/?event_time_id=1142319102592345'),
(9, '2018-11-23', 'Massage bien-être du pied : réflexologie', ' Lion\'saut', 'Rue de Washington 90 ', 1050, 'Ixelles', '', 'info@ressourcesperinaturelles.be', 'www.ressourcesperinaturelles.be', 'https://www.facebook.com/events/1888407198129992/?event_time_id=1888407221463323'),
(10, '2018-11-24', 'Initiation Reiki Usui Niveau 2 ', 'La douceur des anges', 'Avenue des Capucines 14 ', 1030, 'Schaerbeek', '', '', 'www.ladouceurdesanges.jimdo.com', 'https://www.facebook.com/events/1833220496715566/'),
(11, '2018-11-25', 'Massages et soins énergétiques', 'La Tricoterie', 'Rue Théodore Vaerhaegen 158', 1060, 'Saint-Gilles', '02 537 96 69', '', 'www.tricoterie.be', 'https://www.facebook.com/events/240821279891960/?event_time_id=240821316558623'),
(12, '2018-11-25', 'Nap Gong : sieste avec les gongs', 'La Tricoterie', 'Rue Théodore Vaerhaegen 158', 1060, 'Saint-Gilles', '02 537 96 69', '', 'www.tricoterie.be', 'https://www.facebook.com/events/1062338033927304/?event_time_id=1062338053927302'),
(13, '2018-11-26', 'Kundalini Yoga', 'La Tricoterie', 'Rue Théodore Vaerhaegen 158 ', 1060, 'Saint-Gilles', '02 537 96 69', '', 'www.tricoterie.be', 'https://www.facebook.com/events/700762743607742/?event_time_id=700762763607740'),
(14, '2018-11-26', 'Groupe de pratique d\'auto-terre-happy', 'Fibromyalgie/ SED Auto-Terre-Happy', 'Chaussée de Wavre 1762b ', 1160, 'Auderghem', '', '', '', 'https://www.facebook.com/events/386412768561261/?event_time_id=386412888561249'),
(15, '2018-11-28', 'Soirée méditation', 'Puntsok Norling', 'Avenue Everard 22 ', 1190, 'Forest', '', 'puntsoknorling@gmail.com', 'www.meditation-brussels.strikingly.com', 'https://www.facebook.com/events/325642104873203/?event_time_id=325642264873187'),
(16, '2018-11-29', '200hr Vinyasa Teacher Training with Emma', 'Serendip Spa', 'Place Stéphanie 18 ', 1050, 'Ixelles', '', '', '', 'https://www.facebook.com/events/2094581147422868/?event_time_id=2094581204089529'),
(17, '2018-11-29', 'Relaxation méditative', ' Oâm Studio', 'Avenue Emile de Beco 19 ', 1050, 'Ixelles', '0497 14 71 97', 'francealexandra@oamstudio.com', 'www.oamstudio.com', 'https://www.facebook.com/events/1871937086193894/?event_time_id=1871937136193889'),
(18, '2018-11-29', 'Feminine Yoga - Weekly Classes', 'SHALA YOGA Brussels', 'Rue Alphonse Renard 55 ', 1050, 'Ixelles', '0486 02 68 50', 'contact@shalayogabrussels.com', 'www.shalayogabrussels.com', 'https://www.facebook.com/events/1142319042592351/?event_time_id=1142319105925678'),
(19, '2018-11-29', 'Cours hebdomadaires de Tai Chi', 'Centre Culturel de Jette - L\'Armillaire', 'Boulevard de Smet de Naeyer 145 ', 1090, 'Jette', '', '', '', 'https://www.facebook.com/events/1784832061624361/?event_time_id=1784832174957683'),
(20, '2018-11-30', 'Workshop Pilates', 'Oâm Studio', 'Avenue Emile de Beco 19 ', 1050, 'Ixelles', '0497 14 71 97', 'francealexandra@oamstudio.com', 'www.oamstudio.com', 'https://www.facebook.com/events/268075320467638/?event_time_id=268075333800970'),
(21, '2018-11-30', 'Aligned Vinyasa Yoga', 'Agora Art Brussels', 'rue du Champ du Roi 100 ', 1040, 'Eterbeek', '', 'agora.art.brussels@gmail.com', '', 'https://www.facebook.com/events/218042262223412/?event_time_id=218042332223405'),
(22, '2018-12-01', 'Cycle mindfulness', 'L\'usine', 'Rue du Doyenné 40 ', 1180, 'Uccle', '', '', '', 'https://www.facebook.com/events/1757311400973300/?event_time_id=1843942528976853'),
(23, '2018-12-02', 'Family Yoga Workshop', 'Brussels Yoga Loft', 'Place du Tomberg 18 ', 1200, 'Woluwe-Saint-Lambert', '', '', 'www.brusselsyogaloft.be', 'https://www.facebook.com/events/238360000180164/'),
(24, '2018-12-02', 'Atelier parent-enfant \"Yoga\"', 'Les Ateliers Psycholudo', 'Rue du taciturne 45 ', 1000, 'Bruxelles', '0489 81 82 13', 'info@psycholudo.be', '', 'https://www.facebook.com/events/311132826101847/'),
(25, '2018-12-02', 'Yin Yoga - Sunday treats', 'Brussels Yoga Loft', 'Place du Tomberg 18 ', 1200, 'Woluwe-Saint-Lambert', '0483 13 97 97', 'info@theyogaloft.be', '', 'https://www.facebook.com/events/301242223992930/?event_time_id=301242320659587'),
(26, '2018-12-03', 'Cosmic Energy Healing Group Session', 'Espace 44', 'Rue des confédérés 44 ', 1000, 'Bruxelles', '0479 73 99 21', 'mgr@mgr-brux.eu', 'www.espace44.net', 'https://www.facebook.com/events/239574523425750/?event_time_id=239574530092416'),
(27, '2018-12-03', 'A - C Yoga Series', 'Artist Commons Brussels', 'Rue des Pierres 6 ', 1190, 'Forest', '0488 36 77 23', 'info@artistcommons.net', '', 'https://www.facebook.com/events/287126808765326/?event_time_id=287126845431989'),
(28, '2018-12-03', 'Apprivoiser le stress et les émotions par la pleine conscience', 'Emergences Asbl', 'Rue Darwin 8 ', 1190, 'Forest', '', '', 'www.emergences.org', 'https://www.facebook.com/events/1830840103679776/?event_time_id=1830840157013104'),
(29, '2018-12-04', 'Hatha Yoga in Brussels', 'Agora Art Brussels', 'Rue du Champ du Roi 100 ', 1040, 'Eterbeek', '', 'agora.art.brussels@gmail.com', '', 'https://www.facebook.com/events/1825275267548959/?event_time_id=1825275314215621'),
(30, '2018-12-04', 'Atelier Yoga pour enfants', 'L\'usine', 'Rue du Doyenné 40 ', 1180, 'Uccle', '0476 37 30 26', 'contact@espace-usine.com', 'www.espace-usine.com', 'https://www.facebook.com/events/333976400492479/?event_time_id=333976520492467'),
(31, '2018-12-04', 'Cours hebdomadaires de Tai Chi', 'Ecole De Santé Holistique', 'Boulevard Félix Paulsen 9 ', 1070, 'Anderlecht', '02 520 28 25', 'info@sante-holistique.org', '', 'https://www.facebook.com/events/818087415248780/?event_time_id=818087488582106'),
(32, '2018-12-05', 'Frédéric Lenoir: Méditation et sagesse', 'Auditoire Paul-Emile Janson', 'Avenue Franklin Roosevelt 50', 1050, 'Ixelles', '', '', 'www.emergences.org', 'https://www.facebook.com/events/262402164389772/'),
(33, '2018-12-05', 'Wednesday Yoga Wellness', 'Sin San Yoga', 'Rue Le Titien 46 ', 1000, 'Bruxelles', '', '', '', 'https://www.facebook.com/events/1928288947475109/?event_time_id=1928288960808441'),
(34, '2018-12-05', 'Morning Yoga', 'Maison De l\'Amérique Latine', 'Rue du collège 27 ', 1050, 'Ixelles', '02 535 93 80', 'info@america-latina.be', '', 'https://www.facebook.com/events/471619846665719/?event_time_id=471619876665716'),
(35, '2018-12-05', 'Yoga, each Wednesday', 'Agora Art Brussels', 'Rue du champ du Roi 100', 1040, 'Eterbeek', '', 'agora.art.brussels@gmail.com', '', 'https://www.facebook.com/events/520672158387495/?event_time_id=520672195054158'),
(36, '2018-12-05', 'Les mercredis du Yoga Intégral ', 'Santosha Yoga Studio', 'Avenue Ernest Cambier 151 ', 1030, 'Schaerbeek', '0495 36 61 72', 'yoga@santosha.be', 'www.santosha.be', 'https://www.facebook.com/events/258304605021913/?event_time_id=258312058354501'),
(37, '2018-12-06', 'TDA/H, tout simplement', 'Cow Brussels', 'Rue de l\'Hospice Communal 1  ', 1170, 'Watermael-Boitsfort', '0477 42 23 84', 'guy@desan.be', '', 'https://www.facebook.com/events/2128699430686916/?event_time_id=2128699474020245'),
(38, '2018-12-07', 'Respirer La JOIE : l\'importance du Souffle', 'CoeurSoleil', 'Rue Jean Deraecks 47 ', 1150, 'Woluwe-Saint-Pierre', '', '', '', 'https://www.facebook.com/events/2265492550146566/?event_time_id=2265492590146562'),
(39, '2018-12-07', 'Soirée Zen Aquatique', 'Au bord de l\'eau', 'Chaussée d\'Alsemberg 620 ', 1180, 'Uccle', '0473 70 90 97', 'watsu@auborddeleau.brussels', '', 'https://www.facebook.com/events/457075061409130/?event_time_id=463098674140102'),
(40, '2018-12-07', 'Respirer La JOIE : l\'importance du Souffle', 'CoeurSoleil', 'Rue Jean Deraecks 47 ', 1150, 'Woluwe-Saint-Pierre', '', '', 'www.coeursoleil.org', 'https://www.facebook.com/events/2265492550146566/?event_time_id=2265492590146562'),
(41, '2018-12-08', 'Kids Yoga Class (6-12y old)', 'Serendip Spa', 'Place Stéphanie 18', 1050, 'Ixelles', '', '', '', 'https://www.facebook.com/events/1743333235780852/'),
(42, '2018-12-09', 'Buddhist Meditation with Shingon Buddhist Centre', 'Serendip Spa', 'Place Stéphanie 18', 1050, 'Ixelles', '', '', '', 'https://www.facebook.com/events/693920254285563/'),
(43, '2018-12-09', 'Yoga & Sound in Brussels', ' Yogaroots Studio', 'Rue de Dublin 13 ', 1050, 'Ixelles', '', '', 'www.yogaroots.be', 'https://www.facebook.com/events/2002803973351954/?event_time_id=2002803990018619'),
(44, '2018-12-09', 'Candlelight Yin Yoga, Mindfulness and Live Music Gathering', 'Pop Up Yoga Concepts', 'Galerie du Roi 30 ', 1000, 'Bruxelles', '', '', 'www.popupyogaconcepts.be', 'https://www.facebook.com/events/577404759342619/?event_time_id=577404762675952'),
(45, '2018-12-09', 'Yin Cycle with Xenia Katzeff', 'Yoga Room', 'Chaussée de Waterloo 1487', 1180, 'Uccle', '02 793 01 91', 'info@yoga-room.be', 'www.yoga-room.be', 'https://www.facebook.com/events/698367277205066/?event_time_id=698367303871730'),
(46, '2018-12-09', 'Essenti\'Elle: cycle à la rencontre de vos qualités féminines', 'SHALA YOGA Brussels', 'Rue Alphonse Renard 55 ', 1050, 'Ixelles', '0486 02 68 50', 'contact@shalayogabrussels.com', 'www.shalayogabrussels.com', 'https://www.facebook.com/events/320622588431846/?event_time_id=320622628431842'),
(47, '2018-12-11', 'Atelier soins mixtes *Happy Ritual* déo, dentifrice et rasage', 'Alimentation Géniale', 'Avenue de la Porte de Hal 1 ', 1060, 'Saint-Gilles', '02 720 50 38', 'anne@alimentationgeniale.be', '', 'https://www.facebook.com/events/315435192343807/'),
(48, '2018-12-12', 'Méditation - Ecouter, sentir la vibration qui nous traverse', 'L\'usine', 'Rue du Doyenné 40 ', 1180, 'Uccle', '', '', '', 'https://www.facebook.com/events/181764069354036/'),
(49, '2018-12-12', 'Méditation Sonore', ' Oâm Studio', 'Avenue Emile de Beco 19 ', 1050, 'Ixelles', '0497 14 71 97', 'francealexandra@oamstudio.com', 'www.oamstudio.com', 'https://www.facebook.com/events/290709304847380/?event_time_id=290709318180712'),
(50, '2018-12-15', 'Cycle d\'ateliers coaching \"Osez le changement\"', 'OSERA Coaching', 'Chaussée de Jette 384', 1090, 'Jette', '0472 24 41 89', 'cathyhermans2504@gmail.com', '', 'https://www.facebook.com/events/250012062353022/?event_time_id=250012089019686'),
(51, '2018-12-16', 'Atelier interactif \"Au Coeur de la Joie\"', 'CoeurSoleil', 'Rue Jean Deraecks 47 ', 1150, 'Woluwe-Saint-Pierre', '', '', '', 'https://www.facebook.com/events/384581778745031/?event_time_id=384581802078362'),
(52, '2018-12-17', 'Healing & Vitality Circle', 'BAO Elan Vital Coaching & Mentoring', 'Félix Hap 11 ', 1040, 'Eterbeek', '0496 66 07 00', 'd.dewilde@baogroup.be', '', 'https://www.facebook.com/events/225223365008733/'),
(53, '2018-12-22', 'Longues séances mensuelles de Yoga du Cachemire samedis matins', 'Yoga Graciosa', '', 1180, 'Uccle', '', '', 'www.yogagraciosa.be', 'https://www.facebook.com/events/618249745210266/?event_time_id=618249761876931'),
(54, '2019-01-17', 'Yoga for Toddlers + Preschoolers - 1 Day Teacher Training', 'Yoga Room', 'Rue Defacqz 80 ', 1060, 'Saint-Gilles', '', '', 'www.yoga-room.be', 'https://www.facebook.com/events/688364984877838/'),
(55, '2019-01-18', '100 Hour Yin Yoga & Anatomy Training', 'Brussels Yoga Loft', 'Place du Tomberg 18 ', 1200, 'Woluwe-Saint-Lambert', '', '', 'www.brusselsyogaloft.be', 'https://www.facebook.com/events/274810933352672/?event_time_id=274810983352667'),
(56, '2019-01-18', 'Creative Yogis Teacher Training with Karen Wightman', 'Yoga Room', 'Rue Defacqz 80 ', 1060, 'Saint-Gilles', '', '', 'www.yoga-room.be', 'https://www.facebook.com/events/273047673534299/?event_time_id=273047686867631'),
(57, '2019-01-26', 'Balance Your Energy / Chakra Workshop & Yoga Class', 'Pop Up Yoga Concepts', 'Galerie du Roi 30 ', 1000, 'Bruxelles', '', '', 'www.popupyogaconcepts.be', 'https://www.facebook.com/events/2073226189559466/');

-- --------------------------------------------------------

--
-- Structure de la table `t_relax`
--

CREATE TABLE `t_relax` (
  `id` int(10) UNSIGNED NOT NULL,
  `nom` varchar(65) COLLATE utf8mb4_bin NOT NULL,
  `rue` varchar(100) COLLATE utf8mb4_bin NOT NULL,
  `cp` smallint(6) NOT NULL,
  `commune` varchar(50) COLLATE utf8mb4_bin NOT NULL,
  `telephone` varchar(20) COLLATE utf8mb4_bin NOT NULL,
  `mail` varchar(50) COLLATE utf8mb4_bin NOT NULL,
  `web` varchar(80) COLLATE utf8mb4_bin NOT NULL
) ENGINE=InnoDB DEFAULT CHARSET=utf8mb4 COLLATE=utf8mb4_bin;

--
-- Déchargement des données de la table `t_relax`
--

INSERT INTO `t_relax` (`id`, `nom`, `rue`, `cp`, `commune`, `telephone`, `mail`, `web`) VALUES
(3, 'Spasiba', 'Boulevard de Waterloo 47', 1000, 'Bruxelles', '+32 2 514 15 33', 'info@spasiba.be', 'www.spasiba.be'),
(4, 'Yoga Graciosa', 'Rue de Lausanne 18', 1060, 'Saint-Gilles', '+32 483 04 60 68', 'info@yogagraciosa.be', 'www.yogagraciosa.be'),
(5, 'Parc Tenbosch', 'Rue Hector Denis\r\n', 1050, 'Ixelles', '+32 775 75 75', '', 'www.ixelles.be/site/743-Parc-Tenbosch'),
(6, 'Palette des Arts', 'Place Van Meenen 34', 1060, 'Saint-Gilles', '+32 484 07 47 64', 'PaletteDarts@yahoo.com', 'www.palettedesarts.com'),
(7, 'Parc Georges Henri', 'Square de Meudon\r\n', 1200, 'Woluwe-Saint-Lambert', '+32 775 75 75', '', 'www.visit.brussels/en/place/Parc-Georges-Henri'),
(8, 'Kung Fu Brussels', 'Boulevard Général Jacques 144', 1050, 'Ixelles', '', 'info@kungfubrussels.be', 'www.kungfubrussels.be'),
(9, 'Lovina Spa', 'Avenue du port 86c\r\n', 1000, 'Bruxelles', '+32 2 420 03 00', 'info@lovinaspa.be', 'www.lovinaspa.be'),
(10, 'Wellness Helena', 'Rue du Marché aux Herbes 105', 1000, 'Bruxelles', '+32 2 466 00 49', 'info@wellnesshelena.be', 'wellnesshelena.be'),
(11, 'DIRendipity Wellness', 'Place Stéphanie 18', 1050, 'Ixelles', '+32 2 503 55 04', 'info@serendipspa.com', 'serendip-spa.com'),
(12, 'The Spa Brussels', 'Rue de Stassart 56', 1050, 'Ixelles', '+32 2 324 93 29', 'booking@thespabrussels.com', 'thespabrussels.com'),
(13, 'wellnesshelena', 'Avenue Hélène 10', 1082, 'Berchem-Sainte-Agathe', '+32 2 466 00 49 ', 'info@wellnesshelena.be', 'www.wellnesshelena.be'),
(14, 'Ô siam', 'Rue du Tilleul 207', 1140, 'Evere', '+32 2 216 30 05', 'info@osiam.be', 'www.osiam.be'),
(15, 'Quo Vadis', 'Rue Sainte-Anne 40 ', 1000, 'Bruxelles', '+32 2 502 64 98', 'quovadissablon@gmail.com', 'quovadis-wellness.be'),
(16, 'The Lys Spa', 'Rue de stassart 56', 1050, 'Ixelles', '+32 489 10 00 48', 'booking@thelysspa-brussels.be', 'thelysspa-brussels.be'),
(17, 'Aspria Avenue Louise', 'Avenue Louise 71b', 1050, 'Ixelles', '+32 2 610 40 66', 'institut.avenuelouise@aspria.be', 'www.aspria.com/fr/brussels-avenue-louise/spa-welln'),
(18, 'Aspria Bruxelles Roy', 'Rue Sombre 56', 1200, 'Woluwé Saint Lambert', '+32 2 609 19 10', 'info@royallarasante.be', 'www.aspria.com/fr/brussels-royal-la-rasante/'),
(19, 'Les Thermes De La Woluwe', 'Avenue des Vaillants 2', 1200, 'Woluwe Saint Lambert', '+32 2 777 14 47', 'saunaposeidon@gmail.com', 'www.thermesdelawoluwe.be'),
(20, 'Deep Nature Spa & Thalasso', 'Quai des Péniches 70', 1000, 'Bruxelles', '+32 2 229 00 73', '', 'www.deepnature.be'),
(21, 'Longitude Zen ', 'rue François Desmedt 94', 1150, 'Woluwé Saint Pierre', '+32 475 276 779', '', 'www.longitudezen.be'),
(22, 'Sama Wellness', 'Avenue Louise 223', 1050, 'Ixelles', '+32 2 324 89 47', 'louise@samawellness.be', 'www.samawellness.be'),
(23, 'Sama Jette', 'Avenue de Jette 193', 1090, 'Jette', '+32 2 324 89 47', 'jette@samamassage.be', 'www.samawellness.be'),
(24, 'Sama Etterbeek', 'Rue Général Leman 25', 1040, 'Etterbeek', ' +32 2 324 89 47', ' etterbeek@samamassage.be', 'www.samawellness.be'),
(25, 'Anna Berry \"Schuman\"', 'Rue Saint-Quentin 69', 1000, 'Bruxelles', '+32 2 319 59 65', 'info@annaberry.be', 'annaberry.be/salon-schuman'),
(26, 'Global Wellness', 'Rue Rasson 42', 1030, 'Schaerbeek', '+32 486 71 98 88', 'florence.jaupain@globalwellness.be', 'www.globalwellness.be'),
(27, 'Lotus spa', 'Rue Jacques de Lalaing 20', 1000, 'Bruxelles', '+32 492 62 62 61', 'lotusspa9@gmail.com ', 'www.lotus-spa.be'),
(28, 'Tibetan Health Cente', 'Rue de Flandres 44', 1000, 'Bruxelles', '+32 2 840 43 18', 'TibetanHealthCenterInfo2@gmail.com', 'wellnessbrussels.wixsite.com/tibetanhealthcenter'),
(29, 'Tibetan Health Cente', 'Rue de la Madeleine 57', 1000, 'Bruxelles', '+32 2 503 17 62', 'TibetanHealthCentre@gmail.com', 'wellnessbrussels.wixsite.com/tibetanhealthcenter'),
(30, 'Rolfing Brussels', 'Avenue Brugmann 58', 1190, 'Forest', '+32 491 95 41 05', 'laurentcavanna@icloud.com', 'www.rolfing-brussels.net'),
(31, 'Rolfing Onandi in Br', 'Avenue Jules Malou 31', 1040, 'Etterbeek', '+32 485 16 72 33', 'info@jronandi.org', 'www.jronandi.org'),
(32, 'Shiatsu Bruxelles', 'Avenue Brugmann 227', 1050, 'Ixelles', '+32 498 59 67 09', 'zenshiatsubruxelles@gmail.com', 'shiatsubruxelles.be'),
(33, 'Le Johara', 'Chaussée d\'Etterbeek 64', 1000, 'Bruxelles', '+32 471 05 75 55', 'Lejohara@gmail.com', 'www.lejohara.be'),
(34, 'Terrasensa', 'Rue du Mail 86', 1050, 'Ixelles', '+32 499 73 56 41', 'ts@terrasensa.be', 'www.terrasensa.be'),
(35, 'Aqua Heaven Bruxelle', 'Indringingsweg 1B', 1080, 'Vilvorde', '+32 2 270 17 17', 'info@aquaheavenbxl.be', 'www.aquaheaven.be/fr/'),
(36, 'Centre Pérou', 'Perulaan 23', 1000, 'Bruxelles', '+32 478 40 56 23', 'alix.glorieux@skynet.be', 'www.centreperou.be'),
(37, 'Mélodie Massages', 'Rue de l\'Application 52D', 1160, 'Auderghem', '+32 477 44 67 90', '', 'melodie-massages.be'),
(38, 'Body to Soul', 'Rue Le Titien 7', 1000, 'Bruxelles', '+32 484 36 16 24', 'laurence@bodytosoul.eu', 'www.bodytosoul.eu'),
(39, 'Biodanza ', 'Chaussée de Waterloo 788', 1180, 'Uccle', '+32 495 35 04 05', '', 'vivremieux.org/'),
(40, 'Relaxation Massage B', ' Rue Général Fivé 10A', 1040, 'Etterbeek', '+ 32 470 04 06 69', 'booking@relaxationmassage.eu', 'www.relaxationmassage.eu'),
(41, 'Charme d\'orient', 'Rue du Châtelain 8', 1000, 'Bruxelles', '+32 486 24 41 16', 'contact@cabinetduchatelain.be', 'www.cabinetduchatelain.be'),
(42, 'Cypo Massage', 'Rue Pletinckx 54,', 1000, 'Bruxelles', '+32 487 50 67 37', '', 'www.cypomassage.be'),
(43, 'Adarsha', 'Rue d\'Espagne 46', 1060, 'Saint-Gilles', '+32 487 27 41 63', 'paravasta@gmail.com', 'www.adarsha-massage.com'),
(44, 'Centre Victor Gambier', 'Rue Victor Gambier 2', 1180, 'Uccle', '', '', 'www.centrevictorgambier.com'),
(45, 'Espace-kinesio', 'Rue de l\'Aérodrome 80', 1130, 'Haren', '+32 497 26 16 21', 'nicole.de.pauw@espace-kinesio.com', 'www.espace-kinesio.com'),
(46, 'Bien-être Yaruna', 'Rue de Laeken 34', 1000, 'Bruxelles', '+32 488 93 41 91', 'carine.degreef@yaruna.com', 'www.yaruna.com'),
(47, 'Gratiae', 'Galerie du Roi 4', 1000, 'Bruxelles', '+32 2 502 53 48', '', 'spabruxelles.be'),
(48, 'Brussels Yoga Pilates', 'Wolvengracht 38', 1000, 'Bruxelles', '+32 489 00 45 30', 'byp.brussels@gmail.com', 'www.b-y-p.be'),
(49, 'Brahma Kumaris Brussels\r\n', 'Boulevard Bischoffsheim 39\r\n', 1000, 'Bruxelles', '+32 2 463 38 27', 'byp.brussels@gmail.com', 'www.brahmakumaris.be'),
(50, 'Ayoga Brussels\r\n', 'Rue du chien marin 8\r\n\r\n', 1000, 'Bruxelles', '+32 488 21 46 55', 'ayogabrussels@gmail.com', 'ayogabrussels@gmail.com'),
(51, 'Sampoorna Yoga Studio\r\n', 'Rue du Houblon 40\r\n', 1000, 'Bruxelles', '+32 490 45 92 60', 'info@sampoornayogastudio.be', 'www.sampoornayogastudio.be'),
(52, 'bhealthy', 'Rue Joseph Stevens 7', 1000, 'Bruxelles', '+32 484 76 52 51', '', 'www.bhealthy.be'),
(53, 'Yyoga\r\n', 'Quai au bois à brûler,39b\r\n', 1000, 'Bruxelles', '+32 2 201 74 97', 'contact@yyoga.be', 'www.yyoga.be'),
(54, 'Santidas Yoga Center\r\n', 'Rue de la Loi 28\r\n', 1000, 'Bruxelles', '+32 485 729 779', 'info@​santidas.​com', 'info@​santidas.​com'),
(55, 'Yoga Centre Brussels\r\n', 'Rue Vandenbranden 7\r\n', 1000, 'Bruxelles', '+32 489 55 00 92', 'thijsje@iyengaryogacentre.brussels', 'www.iyengaryogacentre.brussels/contact/'),
(56, 'Radiant Light Yoga\r\n', 'Rue Saint-Quentin 36\r\n', 1000, 'Bruxelles', ' +32 475 37 97 20', 'info@radiantlightyoga.be', 'www.radiantlightyoga.be'),
(57, 'Yoga Amélie Castan\r\n', 'Place Emile Bockstael\r\n', 1020, 'Laeken', '+32 490 45 25 13', 'contact(at)ameliecastan.com', 'www.yoga.ameliecastan.com'),
(58, 'Atelier P.E.L.\r\n', 'Rue Léopold Ier 36, B2\r\n', 1020, 'Laeken', '+32 2 428 08 99', '', 'www.atelierpel.org'),
(59, 'Yoga Els\r\n', 'Avenue Maréchal Foch 15\r\n', 1030, 'Schaerbeek', '+32 476 42 13 84', 'els.dhdt@gmail.com', 'www.bihome.be'),
(60, 'Purtherapies \r\n', 'Avenue des Capucines  14\r\n', 1030, 'Schaerbeek', '+32 2 896 50 96', 'info@purtherapies.be', 'info@purtherapies.be'),
(61, 'Yoga Kitchen\r\n', 'Rue de Locht 42\r\n', 1030, 'Schaerbeek', '+32 486 88 28 48', 'info@yogakitchen.be', 'www.yogakitchen.be'),
(62, 'Yoga Room\r\n', 'Avenue de Rodebeek 41-43\r\n', 1030, 'Schaerbeek', '+32 2 534 41 61', 'info@yoga-room.be', 'www.yoga-room.be'),
(63, 'Let\'s Yoga Bruxelles Ashtanga\r\n', 'Rue des Tongres 9\r\n', 1040, 'Etterbeek', '+32 476 73 67 70', 'Ramona@Lets-yoga.info', 'www.lets-yoga.info'),
(64, 'The Ashtanga Space Brussels', 'Rue Général Wangermée 12\r\n', 1040, 'Etterbeek', '+32 497 04 89 15', ' dirossof@hotmail.com ', 'www.theashtangaspace.com'),
(65, 'Yoga Sarah\r\n', 'Avenue de la Couronne 328\r\n', 1050, 'Ixelles', '+32 498 29 23 33', 'derasse.sarah@gmail.com', 'www.yoga-sarah-bruxelles.com'),
(66, 'Corpus Studios™ Borrens\r\n', 'Rue Borrens 33\r\n', 1050, 'Ixelles', '+32 2 513 07 66', 'info@corpusstudios.com', 'www.corpusstudios.com'),
(67, 'Corpus Studios™ Caroly\r\n', 'Rue Caroly 33\r\n', 1050, 'Ixelles', '+32 2 513 07 66', 'info@corpusstudios.com', 'info@corpusstudios.com'),
(68, 'Iyengar Yoga Studio XL\r\n', 'Rue Jean d\'Ardenne 50\r\n', 1050, 'Ixelles', '+32 497 50 94 41', 'iyengaryogastudio@gmail.com', 'www.yogaxl.be'),
(69, 'La Clé des Sens\r\n', 'Rue du Page 90A,\r\n', 1050, 'Ixelles', '+32 487 96 45 85', 'lacledessens.be@gmail.com', 'www.lacledessens.be'),
(70, 'Yoga Room\r\n', 'Rue Defacqz 80\r\n', 1060, 'Saint-Gilles', '+32 2 534 41 61', 'info@yoga-room.be', 'www.yoga-room.be'),
(71, 'Espace Bamboo\r\n', 'Rue Hôtel des Monnaies, 79\r\n', 1060, 'Saint-Gilles', '+32 486 31 46 22', 'asblespacebamboo@gmail.com', 'www.espacebamboo.be'),
(72, 'Haein Yoga studio\r\n', 'Rue St.Bernard 46\r\n', 1060, 'Saint-Gilles', '+32 49 22 09 35', 'info@haeinyoga.be', 'www.haeinyoga.be'),
(73, 'Yogasala\r\n', 'Avenue Ducpétiaux 133 A\r\n', 1060, 'Saint-Gilles', '', 'ben@because.be', 'www.yogabruxelles.be'),
(74, 'The Great Yoga Wall Europe\r\n', 'Rue Defacqz 78\r\n', 1060, 'Saint-Gilles', '+32 2 534 41 61', '', 'www.yogawall.eu'),
(75, 'Atelier De Linde\r\n', 'Place De Linde 9\r\n', 1070, 'Anderlecht', '+32 475 28 51 16', '', 'www.atelier-de-linde.be'),
(76, 'Back to essential\r\n', 'Avenue du Duc Jean 63\r\n', 1083, 'Ganshoren', '+32 2 880 57 51', '', 'www.backtoessential.be'),
(77, 'Marianne Vanden Broeck\r\n', 'Avenue du Duc Jean 63\r\n', 1083, 'Ganshoren', '+32 2 428 41 43', 'mvandenbroeck@plurieldesoins.be', 'mvandenbroeck@plurieldesoins.be'),
(78, 'Josiane Haegeman\r\n\r\n', 'Avenue du Duc Jean 63\r\n', 1083, 'Ganshoren', '+32 475 56 40 27', 'jhaegeman@plurieldesoins.be', 'www.plurieldesoins.be'),
(79, 'Chantal Winter\r\n\r\n', 'Avenue du Duc Jean 63\r\n', 1083, 'Ganshoren', '+32 477 40 59 20', 'cwinter@plurieldesoins.be ', 'www.plurieldesoins.be'),
(80, 'Yoga Amélie Castan\r\n', 'Chaussée de Wemmel 306\r\n', 1090, 'Jette', '+32 490 45 25 13', 'contacté@ameliecastan.com', 'www.yoga.ameliecastan.com'),
(81, 'Centre de Yoga le Saddhaka\r\n', 'Chaussée de Haecht 843\r\n', 1140, 'Evere', '+32 475 42 78 61', 'saddhaka@gmail.com', 'www.mon-yoga.be'),
(82, 'Espace-Vitalité\r\n', 'Rue Mareyde 35\r\n', 1150, 'Woluwe-Saint-Pierre', '+32 497 37 60 68', 'madrom72@gmail.com', 'www.espace-vitalite.be'),
(83, 'Espace-Vitalité\r\n', 'Avenue Salomé 2 (Sport City)\r\n', 1150, 'Woluwe-Saint-Pierre', '+32 497 37 60 68', 'madrom72@gmail.com', 'www.espace-vitalite.be'),
(84, 'Muriel Weis\r\n', 'Rue Mareyde 35 \r\n', 1150, 'Woluwe-Saint-Pierre', '+32 479 22 41 20', 'muriel.weis@gmail.com', 'www.les-magnolias.be'),
(85, 'Jackie Attala\r\n', 'Rue Mareyde 35\r\n', 1150, 'Woluwe-Saint-Pierre', '32 489 27 27 14', 'jackie.attala@gmail.com', ' www.theradiem.net'),
(86, 'Let’s Yoga-Shiatsu\r\n', 'Rue des Tongres 9\r\n', 1150, 'Woluwe-Saint-Pierre', '+32 476 73 67 70', 'ramona@Lets-yoga.info', 'www.lets-yoga.info'),
(87, 'Centre Yogashram asbl\r\n', 'Rue Edouard Henrard 11\r\n', 1160, 'Auderghem', '+32 2 463 59 39', 'info@centreyogashram.be', 'www.centreyogashram.be'),
(88, 'Yoga Room\r\n', 'Chaussée de Waterloo 1487\r\n', 1180, 'Uccle', '+32 2 793 01 91', 'info@yoga-room.be', 'www.yoga-room.be'),
(89, 'Yogi and Yoga Forest\r\n', 'Rue du Charme 34\r\n', 1190, 'Forest', '+32 487 62 25 07', '', 'www.yogiandyoga.be'),
(90, 'Parc Astrid\r\n', 'Rond-Point du Meir', 1070, 'Anderlecht', '+32 800 9 1070', '', 'www.anderlecht.be/index.php/fr/centre#1\r\n'),
(91, 'Parc de la Pede\r\n', 'Rue de Neerpede\r\n', 1070, 'Anderlecht', '+32 2 523 45 54', '', 'www.anderlecht.be/nl/neerpede\r\n'),
(94, 'Parc Scherdemael\r\n', 'Allée des Novateurs\r\n', 1070, 'Anderlecht', '+32 800 9 1070 ', '', 'www.anderlecht.be/fr/scherdemael\r\n'),
(95, 'Parc Forestier\r\n', 'Rue Démosthène\r\n', 1070, 'Anderlecht', '+32 522 94 58 ', '', 'fr.wikipedia.org/wiki/Parc_Forestier\r\n'),
(98, 'Parc de la Rosée\r\n', 'Rue de la Poterie 20 \r\n', 1070, 'Anderlecht', '+32 800 9 1070 ', '', 'environnement.brussels/fiche/parc-de-la-rosee\r\n'),
(99, 'Jardin Jean Massart', 'Chaussée de Wavre 1850\r\n\r\n', 1160, 'Audergem', '+32 650 91 65', '', 'www.ulb.be/actulb/dds/jmassart/\r\n'),
(100, 'Parc du Bergoje\r\n', 'Chaussée de Wavre\r\n', 1160, '', '+32 800 9 1070', '', 'fr.wikipedia.org/wiki/Parc_du_Bergoje\r\n'),
(101, 'Parc Seny\r\n', 'Bouleverd du Souverain 108\r\n', 1160, 'Audergem', '+32 775 75 75', '', 'environnement.brussels/fiche/parc-seny\r\n'),
(102, 'Site du Rouge Cloître\r\n', 'Rue de Rouge-Cloître 4', 1160, 'Audergem', '+32 660 55 97', 'info@rouge-cloitre.be', 'www.rouge-cloitre.be\r\n'),
(103, 'Bois du Wilder\r\n', 'Rue de l\'Allée Verte\r\n', 1082, 'Berchem-Sainte-Agathe', '+32 775 75 75', '', 'environnement.brussels/fiche/bois-de-wilder\r\n'),
(104, 'Parc Léopold\r\n', 'Rue Belliard\r\n', 1000, 'Bruxelles ', '+32 279 61 00', '', 'fr.wikipedia.org/wiki/Parc_Léopold_(Bruxelles) \r\n\r\n'),
(105, 'Bois de la Cambre\r\n', 'Avenue Franklin Roosvelt\r\n', 1050, 'Ixelles', '+32 279 61 00', '', 'environnement.brussels/fiche/bois-de-la-cambre\r\n'),
(111, 'Laeticia Borremans', 'Rue de Neerpede 299', 1070, 'Anderlecht', '+32 493 10 42 95', '', 'www.pleine-conscience-mindfulness.be/'),
(112, 'Sonia Mnasri ', 'Avenue Waxweiller 45', 1070, 'Anderlecht', '+32 493 10 42 95', '', 'www.pleine-conscience-mindfulness.be/'),
(113, 'Caroline Pinta ', 'Rue des Déportés Anderlechtois 17', 1070, 'Anderlecht', '+32 493 10 42 95', '', 'www.pleine-conscience-mindfulness.be/'),
(114, 'Les 3 tilleuls', 'Avenue Wiener 106', 1170, 'Boitsfort', '+32 489 27 27 14', '', 'www.theradiem.net/pleine-conscience-hiver-printemps'),
(115, 'Être, au present', 'Avenue des campanules 71', 1170, 'Boitsfort', '+32 493 53 24 02', 'avgiannoli@gmail.com', 'www.etreaupresent.be'),
(116, 'Soin De Soi Bio', 'Rue de Pavie 46', 1000, 'Bruxelles', '+32 488 98 61 96', '', 'soin-de-soi-bio.be'),
(117, 'Shambhala Meditation', 'Galerie Ravenstein 28', 1000, 'Bruxelles', '+32 478 34 98 94', 'brussels@shambhala.be', 'shambhala.be'),
(118, 'Centre M.T Méditation', 'Rue Archimède 60', 1000, 'Bruxelles', '+32 2 231 11 23', '', 'meditation-transcendantale.be'),
(119, 'Yogaroots Studio', 'Rue Le Titien 46', 1000, 'Bruxelles', '+32 479 56 69 34', 'susie@yogaroots.be', 'yogaroots.be'),
(120, 'Meditation Brussels', '', 1000, 'Bruxelles', '', '', 'www.meditationbrussels.be'),
(122, 'Violeta Esteban ', 'Boulevard de Charlemagne 64', 1000, 'Bruxelles', '+32 493 10 42 95', '', 'www.pleine-conscience-mindfulness.be'),
(123, 'Shandhaya Spa', 'Rue Souveraine 120', 1000, 'Bruxelles', '+32 486 92 63 87', '', 'www.shandhayaspa.com'),
(124, 'Beauté & Vie', 'Boulevard de Waterloo 53', 1000, 'Bruxelles', '+32 2 512 94 31', 'gilles@nadine-salembier.com', 'www.nadine-salembier.com'),
(125, 'Espérance Spa & Bien Etre', 'Boulevard Adolphe Max 72', 1000, 'Bruxelles', '+32 2 217 42 80', 'info@esperancebienetre.be', 'esperancebienetre.be'),
(126, 'Lum Spa', 'Rue Van moer 7', 1000, 'Bruxelles', '+32 2 346 39 83', 'lum-contact@lumspa.com', 'lumspa.com'),
(127, 'Diamond Way Buddhism', 'Boulevard Louis Schmidt 66', 1040, 'Etterbeek', '', 'brussels@diamondway-center.org', 'www.buddhism-belgium.be'),
(128, 'SASASA ', 'Avenue de Tervueren 54\r\n', 1040, 'Etterbeek', '+32 475 20 46 00', '', 'www.sasasa.be'),
(129, 'Dhammagroup', 'Rue de la Duchesse 2', 1040, 'Etterbeek', '', 'brunovandergucht@dhammagroupbrussels.be', 'www.dhammagroupbrussels.be'),
(131, 'Marie Carton de Tournai', 'Place Saint Pierre 38', 1040, 'Etterbeek', '+32 493 10 42 95', '', 'www.pleine-conscience-mindfulness.be'),
(132, 'Caroline Intrand', 'Avenue des Celtes 20', 1040, 'Etterbeek', '+32 493 10 42 95', '', 'www.pleine-conscience-mindfulness.be'),
(133, 'Amélie Thonet', 'Place Saint Pierre 38', 1040, 'Etterbeek', '+32 493 10 42 95', '', 'www.pleine-conscience-mindfulness.be'),
(134, 'Institut Mindfulness', 'Rue Général Leman 145', 1040, 'Etterbeek', '+32 2 447 3 447', '', 'institut-mindfulness.be'),
(135, 'Chez Eva Spa\r\n', 'Avenue des Désirs 19C', 1140, 'Evere', '+32 474 42 04 94', '', 'chezevaspa.gettimely.com'),
(136, 'Oriental Therapy', 'Chaussée de Waterloo 1076', 1190, 'Forest', '+32 2 375 61 76', 'info@orientaltherapy.be ', 'www.orientaltherapy.be'),
(137, 'Emergences - Shanti Home', 'Rue Darwin 8', 1190, 'Forest', '', '', 'www.emergences.org/evements_pour_la_categorie/cycles-mindfulness'),
(138, 'Caroline Intrand', 'Avenue Neptune 21', 1190, 'Forest', '+32 493 10 42 95', '', 'www.pleine-conscience-mindfulness.be'),
(139, 'Emmanuelle Lamberty', 'Boulevard Guillaume Van Haelen 171', 1190, 'Forest', '+32 493 10 42 95', '', 'www.pleine-conscience-mindfulness.be'),
(140, 'Jean-Luc Legrand', 'Rue Roosendael 168', 1190, 'Forest', '+32 493 10 42 95', '', 'www.pleine-conscience-mindfulness.be'),
(141, 'Méditations', 'Avenue Victor Rousseau 149 ', 1190, 'Forest', '+32 2 345 06 49', 'tabanousbernard@yahoo.fr', 'www.reiki-belgique.be/meditation-bruxelles.html'),
(142, 'Dojo Zen de Bruxelles asbl', 'Rue Eugène Cattoir 11', 1050, 'Ixelles', '', 'dojobruxelles@yahoo.fr', 'www.zazen-bru.be'),
(143, 'SASASA ', 'Avenue Louise 522', 1050, 'Ixelles', '+32 475 20 46 00', '', 'www.sasasa.be'),
(144, 'Emergences - Salle Gray', 'Rue Gray 122', 1050, 'Ixelles', '', '', 'www.emergences.org/evements_pour_la_categorie/cycles-mindfulness'),
(145, 'Emergences ', 'Rue du Viaduc 133', 1050, 'Ixelles', '', '', 'www.emergences.org/evements_pour_la_categorie/cycles-mindfulness'),
(146, 'Emergences - Dojo du brochet', 'Rue du Brochet 55', 1050, 'Ixelles', '', '', 'www.emergences.org/evements_pour_la_categorie/cycles-mindfulness'),
(147, 'Laura De Greef ', 'Avenue Louise 486', 1050, 'Ixelles', '+32 493 10 42 95', '', 'www.pleine-conscience-mindfulness.be/'),
(148, 'Chantal Feuerlein ', 'Rue Jean Paquot 12', 1050, 'Ixelles', '+32 493 10 42 95', '', 'www.pleine-conscience-mindfulness.be'),
(149, 'Alexandre Leurs', 'Rue du Trône 214', 1050, 'Ixelles', '+32 493 10 42 95', '', 'www.pleine-conscience-mindfulness.be/info-pratiques-pleine-conscience-mindfulnes'),
(150, 'Caroline Rusabana', 'Avenue Louise 349', 1050, 'Ixelles', '+32 493 10 42 95', '', 'www.pleine-conscience-mindfulness.be/info-pratiques-pleine-conscience-mindfulnes'),
(151, 'Alchimie Urban Spa', 'Rue du Trone 222', 1050, 'Ixelles', '+32 472 19 84 20', 'anda.burcea@alchimie-spa.com', 'alchimie-spa.com'),
(152, 'Maison des Potentiels', 'Rue auguste van zande 81 ', 1080, 'Molenbeek', '', '', 'www.reiki-belgique.be/meditation-bruxelles.html'),
(153, 'Kwan Um Zen Europe ', 'Rue de l\'Oiselet 16 ', 1080, 'Molenbeek', '+32 497 59 66 59 ', 'koen_vermeulen@yahoo.com', 'www.reiki-belgique.be/meditation-bruxelles.html'),
(154, 'Daisen Centre Zen', 'Rue Capouillet 35', 1060, 'Saint-Gilles', '+32 479 12 46 84', 'daisen.centre.zen@gmail.com', 'daisen.eu'),
(155, 'Centre Kadampa ', 'Rue de la Victoire 158', 1060, 'Saint-Gilles', '', 'info@meditation-lille.org ', 'www.meditation-lille.org/cours/bruxelles-jeudi-soir/'),
(156, 'Béatrice Dispaux', '', 1060, 'Saint-Gilles', '+32 494 63 35 42', 'beatricedispaux@gmail.com', 'beatricedispaux.weebly.com/pleine-conscience.html'),
(157, 'Centre d\'études Tibétaines', 'Rue Capouillet 33', 1060, 'Saint-Gilles', '+32 2 537 54 07 ', 'centre@samye.be', 'www.reiki-belgique.be/meditation-bruxelles.html'),
(158, 'Sereniss', 'Avenue Georges Eekhoud 5', 1030, 'Schaerbeek', '+32 493 54 54 79', '', 'www.sereniss.com'),
(159, 'Dojo Zen Bruxelles Pagodes', 'Rue Metsys 91', 1030, 'Schaerbeek', '+32 473 80 94 68', 'sanghadespagodes@gmail.com', 'www.zenbruxellesdespagodes.be'),
(160, 'SASASA ', 'Avenue Maurice Maeterlinck 2\r\n', 1030, 'Schaerbeek', '+32 475 20 46 00', '', 'www.sasasa.be'),
(161, 'Maison des femmes ', 'Rue josaphat 253', 1030, 'Schaerbeek', '+32 485 76 63 31', '', 'institut-mindfulness.be'),
(162, 'FCJ Centre of Spirituality', 'Avenue Winston Churchill 211', 1180, 'Uccle', '+32 2 348 95 61', 'fcj@fcjcentre.be', 'www.fcjcentre.be'),
(163, 'L’École de méditation', 'Rue du Doyenné 40', 1180, 'Uccle', '', 'marine@ecolemeditation.com', 'www.ecole-occidentale-meditation.com'),
(164, 'Emergences - Espace Usine', 'Rue du doyenné 40', 1180, 'Uccle', '', '', 'www.emergences.org/evements_pour_la_categorie/cycles-mindfulness'),
(166, 'Tenku-an', 'Avenue Coghen 68', 1180, 'Uccle', '+32 474 28 19 00', 'jozef@tenku-an.be', 'tenku-an.be/calendrier-tenku-an-bruxelles/'),
(168, 'A. Baudier Roux de Bézieux', 'Rue des cottages 101', 1180, 'Uccle', '+32 496 28 12 71', 'mindfulway@gmail.com', 'www.mindfulway.com'),
(169, 'Ashtanga Yoga Institute', 'Chaussée d\'Alsemberg 610', 1180, 'Uccle', '+32 2 340 67 81', 'jean.claude.garnier@skynet.be', 'yoga-ashtanga.net'),
(170, 'Nathalie Chesnel', 'Rue Vanderkindere 279', 1180, 'Uccle', '+32 493 10 42 95', '', 'www.pleine-conscience-mindfulness.be/'),
(171, 'Nathalie Chesnel', 'Rue des Cottages 69', 1180, 'Uccle', '+32 493 10 42 95', '', 'www.pleine-conscience-mindfulness.be'),
(172, 'Corinne Hanon', 'Rue Joseph Bens 72', 1180, 'Uccle', '+32 493 10 42 95', '', 'www.pleine-conscience-mindfulness.be'),
(173, 'Donatienne Morelle', 'Rue Copernic 117', 1180, 'Uccle', '+32 493 10 42 95', '', 'www.pleine-conscience-mindfulness.be'),
(174, 'Centre Psyris', 'Rue Victor Gambier 4', 1180, 'Uccle', '+32 2 454 02 45', 'info@psyris.be', 'www.evensi.be/editation-mouvement-rue-victor-gambier-4-1180-uccle-belgium/'),
(175, 'Maddalena Fanti', 'Avenue Winston Churchill 126', 1180, 'Uccle', '+32 2 654 20 74', '', 'www.hypnosia.be/hypnose-uccle/'),
(176, 'Valérie van Nitsen', 'Rue du Doyenné 40', 1180, 'Uccle', '', '', 'lespraticiens.be/evenement/'),
(177, 'Mindfulnessjourneys', '', 1180, 'Uccle', '+32 474 61 88 89', 'shannon@mindfulnessjourneys.com', 'mindfulnessjourneys.com'),
(178, 'Temple Des Anges ', 'Place Eugène Keym', 1170, 'Watermael-Boitsfort', '+32 493 72 52 45', 'info@templedesanges.be', 'templedesanges.com'),
(180, 'Centre de Heartfulness', 'Avenue Paul Hymans, 113', 1200, 'Woluwe-Saint-Lambert', '+32 484 61 17 31', '', 'fr.heartfulness.org/centres-en-belgique/'),
(181, 'Centre Dhamma Pajjota', 'Chaussée de Roodebeek 96', 1200, 'Woluwe-Saint-Lambert', '+32 89 51 82 30', 'info@pajjota.dhamma.org', 'www.pajjota.dhamma.org/fr/feuille-de-route/bruxelles/'),
(182, 'Sahaja Yoga Belgique', 'Rue J.-B. Timmermans 48', 1200, 'Woluwe-Saint-Lambert', '+32 484 64 91 49', '', 'www.meetup.com/Les-cours-gratuits-de-Sahaja-Yoga-meditation-a-Bruxelles/'),
(183, 'Tai Chi Academy', 'Avenue de Tervueren 200', 1150, 'Woluwe-Saint-Pierre', '+32 475 51 50 00', 'beatrice.de.haan@taichi-academy.be', 'www.taichi-academy.be'),
(184, 'Pauzzzz - Bar à sieste', 'Rue Belliard 166', 1040, 'Etterbeek', '+32 484 83 35 84', 'info@pauz.be', 'www.pauz.be'),
(185, 'Le chat touille - bar à chats', 'Rue Tasson-Snel 11', 1060, 'Saint-Gilles', '', '', 'lenewchattouille.be'),
(186, 'Serenity Bar', 'General Leman Street 145', 1040, 'Etterbeek', '+32 476 51 70 16', '', 'serenitybar.be/en/'),
(187, 'Abbaye de la Cambre\r\n', 'Avenue Emile Duray 64\r\n', 1050, 'Ixelles', '+32 775 75 75', '', 'visit.brussels/fr/place/Jardins-de-lAbbaye-de-la-Cambre\r\n'),
(188, 'Jardin du Roi\r\n', 'Avenue Louise 370\r\n', 1050, 'Ixelles', '+32 775 75 75', '', 'fr.wikipedia.org/wiki/Jardin_du_Roi_(Bruxelles)'),
(189, 'Jardin du Petit Sablon\r\n', 'Place du petit Sablon 2\r\n', 1000, 'Bruxelles', '+32 775 75 75', '', 'visit.brussels/fr/place/Square-du-Petit-Sablon\r\n'),
(190, 'Mont des Arts\r\n', 'Place Royale\r\n', 1000, 'Bruxelles', '+32 775 75 75', '', 'montdesarts.com/\r\n'),
(191, 'Parc de Bruxelles\r\n', 'Place des Palais\r\n', 1000, 'Bruxelles', '+32 775 75 75', '', 'brussel.be\r\n'),
(192, 'Parc d\'Egmont\r\n', 'Boulevard de Waterloo 25\r\n', 1000, 'Bruxelles', '+ 32 775 75 75', '', 'environnement.brussels/fiche/parc-degmont\r\n'),
(193, 'Parc du Cinquantenaire\r\n', 'Avenue de la Joyeuse Entrée \r\n', 1040, 'Etterbeek', '+32 775 75 75', '', 'environnement.brussels/fiche/parc-du-cinquantenaire\r\n'),
(194, 'Jardin du Maelbeeke\r\n', 'Chaussée d\'Etterbeek\r\n', 1040, 'Etterbeek', '+32 775 75 75', '', 'fr.wikipedia.org/wiki/Jardin_de_la_vall%C3%A9e_du_Maelbeek'),
(195, 'Jardin Jean-Félix Hap\r\n', 'Avenue d\'Auderghem 191\r\n', 1040, 'Etterbeek', '+32 627 27 21', '', 'environnement.brussels/fiche/jardin-jean-felix-hap\r\n'),
(196, 'Parc ING\r\n', 'Rue de la Grande Haie 101\r\n', 1040, 'Etterbeek', '+32 357 01 30', '', 'etterbeek.be/votre-commune/aujourdhui/les-parcs/le-parc-ING\r\n'),
(197, 'Parc du Doolegt\r\n', 'Rue du Doolegt 1\r\n', 1140, 'Evere', '+32 247 64 38', '', 'arbres-inventaire.irisnet.be/sites.php?id=151\r\n'),
(198, 'Moeraske\r\n', 'Rue Carli 19\r\n', 1140, 'Evere', '+32 247 62 62', '', 'evere.be/content/moeraske\r\n'),
(199, 'Parc du Onze Novembre\r\n', 'Avenue du Frioul 22\r\n', 1140, 'Evere', '+32 247 64 00', '', 'evere.be/content/apiculture-everoise\r\n'),
(200, 'Parc de Forest\r\n', 'Place de Rochefort\r\n', 1190, 'Forest', '+32 370 22 11', '', 'visit.brussels/fr/search?queryText=Parc%20de%20Forest\r\n'),
(201, 'Parc Duden\r\n', 'Avenue Gabriel Fauré\r\n', 1190, 'Forest', '+32 775 75 75', '', 'environnement.brussels/fiche/parc-duden\r\n'),
(202, 'Parc des Marais de Ganshoren\r\n', 'Rue au Bois\r\n', 1083, 'Ganshoren', '+32 497 599 99 87', '', 'info@bruxellesenvironnement.be\r\n'),
(203, 'Parc Van Overbeek\r\n', 'Avenue Van Overbeke\r\n', 1083, 'Ganshoren', '+32 497 599 99 87', '', 'info@bruxellesenvironnement.be\r\n'),
(204, 'Parc de Haren\r\n', 'Rue du Pré aux Oies\r\n', 1130, 'Haren', '+32 279 33 10', '', 'fr.wikipedia.org/wiki/Parc_de_Haren\r\n'),
(205, 'Parc des Étangs d\'Ixelles\r\n', 'Rue Guillaume Stocq 3\r\n', 1050, 'Ixelles', '+32 513 89 40', '', 'visit.brussels/fr/place/Etangs-d-Ixelles\r\n'),
(206, 'Parc Faider\r\n', 'Rue Faider 86\r\n', 1050, 'Ixelles', '+32 800 9 1070', '', 'visit.brussels/fr/place/Parc-Faider\r\n'),
(207, 'Bois des Commères\r\n', 'Chaussée de Boitsfort 11\r\n', 1050, 'Ixelles', '+32 800 9 1070', '', 'arbres-inventaire.irisnet.be/sites.php?id=27\r\n'),
(208, 'Bois de Dieleghem\r\n', 'Avenue Heymbosch\r\n', 1090, 'Jette', '+32 775 75 75', '', 'espacesverts.brussels/espaces-verts/bois-de-dieleghem\r\n'),
(209, 'Bois du Laerbeek\r\n', 'Avenue du Laerbeek\r\n', 1090, 'Jette', '+32  775 75 75', '', 'espacesverts.brussels/espaces-verts/bois-du-laerbeek\r\n'),
(210, 'Parc Huybrechts\r\n', 'Avenue Charles Woeste\r\n', 1090, 'Jette', '+32 775 75 75', '', 'jette.irisnet.be/fr/images/proprete-et-environnement/parc-huybrechts/view\r\n'),
(211, 'Parc Roi Baudouin\r\n', 'Avenue du Sacré-Coeur\r\n', 1090, 'Jette', '+32 775 75 75', '', 'environnement.brussels/fiche/parc-roi-baudouin\r\n'),
(212, 'Parc Élisabeth\r\n', 'Avenue des Gloires Nationales\r\n', 1081, 'Koekelberg', '+32 775 75 75', '', 'espacesverts.brussels/espaces-verts/le-parc-elisabeth\r\n'),
(213, 'Jardins du Stuyvenberg\r\n', 'Rue Jean Sobieski\r\n', 1020, 'Laeken', '+ 32 775 75 75', '', 'espacesverts.brussels/espaces-verts/jardins-du-fleuriste\r\n'),
(214, 'Parc de Laeken\r\n', 'Avenue du Parc royal\r\n', 1020, 'Laeken', '+32 775 75 75', '', 'espacesverts.brussels/espaces-verts/parc-de-laeken\r\n'),
(215, 'Parc d\'Osseghem\r\n', 'Boulevard du Centenaire\r\n', 1020, 'Laeken', '+32 775 75 75', '', 'bruxelles.be/balade-guidee-parc-dosseghem\r\n'),
(216, 'Jardin du Pavillon Chinois\r\n', 'Avenue Van Praet\r\n', 1020, 'Laeken', '+32 775 75 75', '', 'espacesverts.brussels/espaces-verts/jardin-du-pavillon-chinois\r\n'),
(217, 'Parc Tour et Taxis\r\n', 'Ave Jean Dubrucq 240\r\n', 1080, 'Molenbeek-Saint-Jean', '+32 775 75 75', '', 'fr.wikipedia.org/wiki/Parc_Tour_et_Taxis\r\n'),
(218, 'Parc du Karreveld\r\n', 'Avenue Jean de la Hoese, 3\r\n', 1080, 'Molenbeek-Saint-Jean', '+32 775 75 75', '', 'scheutbos.be/pages/les-sites-voisins/parc-du-karreveld.html\r\n'),
(219, 'Parc régional du Scheutbos\r\n', 'Rue du Scheutbosch\r\n', 1080, 'Molenbeek-Saint-Jean', '+32  775 75 75', '', 'scheutbos.be/\r\n'),
(220, 'Parc L28\r\n', 'Avenue Jean Dubrucq', 1080, 'Molenbeek-Saint-Jean', '+32 775 75 75', '', 'beliris.be/projets/parc-de-la-ligne-28.html'),
(221, 'Val du Bois des Béguines\r\n', 'Trassersweg 420\r\n', 1120, 'Neder-Over-Heembeek', '+32 2 262 00 68', '', 'bruxellesnature.be/le-val-du-bois-des-beguines/\r\n'),
(222, 'Parc de Forest\r\n', 'Avenue Mont-Kemmel\r\n', 1060, 'Saint-Gilles', '+32 370 22 11', '', 'visit.brussels/fr/search?queryText=Parc%20de%20Forest\r\n'),
(223, 'Parc Pierre Paulus\r\n', 'Rue de Parme 69\r\n', 1060, 'Saint-Gilles', '+32 513 89 40', '', 'irismonument.be/fr.Saint-Gilles.Parc_Pierre_Paulus.html\r\n'),
(224, 'Parc Porte de Hal\r\n', 'Boulevard du Midi\r\n', 1060, 'Saint-Gilles', '+32 775 75 75', '', 'espacesverts.brussels/espaces-verts/parc-de-la-porte-de-hal\r\n'),
(225, 'Jardin Botanique\r\n', 'Rue Royale\r\n', 1210, 'Saint-Josse-ten-Noode', '+32 775 75 75', '', 'espacesverts.brussels/espaces-verts/jardin-botanique\r\n'),
(226, 'Parc de Liedekerke\r\n', 'Rue Saint-Josse\r\n', 1210, 'Saint-Josse-ten-Noode', '+32 775 75 75', '', 'environnement.brussels/fiche/parc-de-liedekerke\r\n'),
(227, 'Square Armand Steurs\r\n', 'Place Armand Steurs \r\n', 1210, 'Saint-Josse-ten-Noode', '+32 775 75 75', '', 'irismonument.be/fr.Saint-Josse-ten-Noode.Square_Armand_Steurs.html\r\n'),
(228, 'Square Henri Frick\r\n																																													', 'Avenue de l\'Astronomie\r\n', 1210, 'Saint-Josse-ten-Noode', '+32 775 75 75', '', 'environnement.brussels/fiche/square-frick\r\n'),
(229, 'Friche Josaphat\r\n', 'Avenue Gustave Latinis 152\r\n', 1030, 'Schaerbeek', '+32 775 75 75', '', 'ezelstad.be/2015/08/10/josaphat_occupation/\r\n'),
(230, 'Parc de la Senne\r\n', 'Rue Masui\r\n', 1030, 'Schaerbeek', '+32 775 75 75', '', 'environnement.brussels/fiche/parc-de-la-senne\r\n'),
(231, 'Parc Josaphat\r\n', 'Avenue des Azalées 1\r\n', 1030, 'Schaerbeek', '+310 45 79 81', '', 'theparkto.be/fr/\r\n'),
(232, 'Parc Lacroix\r\n', 'Avenue Princesse Elisabeth 1030\r\n', 1030, 'Schaerbeek', '+32 800 939 88', '', 'schaerbeek.be/fr/content/parc-lacroix\r\n'),
(233, 'Parc Wahis\r\n', 'Boulevard Général Wahis 14\r\n', 1030, 'Schaerbeek', '+32 800 939 88', '', 'schaerbeek.be/fr/content/parc-wahis\r\n'),
(234, 'Jardin Van Buuren\r\n', 'Avenue Léo Errera 41\r\n', 1180, 'Uccle', '+32 343 48 51', '', 'museumvanbuuren.be/en/home.php\r\n'),
(235, 'Kauwberg\r\n', 'Chaussée de Saint-Job\r\n', 1180, 'Uccle', '+32 374 60 34', '', 'kauwberg.be/\r\n'),
(236, 'Parc de la Sauvagère\r\n', 'Avenue de la Chênaie 83\r\n', 1180, 'Uccle', '+32 348 65 47', '', 'uccle.be/administration/vert/parcs\r\n'),
(237, 'Parc du Wolvendael\r\n', 'Avenue De Fré\r\n', 1180, 'Uccle', '+32 348 65 47', '', 'environnement.brussels/fiche/parc-de-wolvendael\r\n'),
(238, 'Plateau Avijl\r\n', 'Montagne de Saint Job 100\r\n', 1180, 'Uccle', '+32 348 65 47', '', 'avijl.org/\r\n'),
(239, 'Parc de la Héronnière\r\n', 'Rue du Loutrier\r\n', 1170, 'Watermael-Boitsfort', '+32 775 75 75', '', 'environnement.brussels/fiche/parc-de-la-heronniere\r\n'),
(240, 'Parc Jagersveld\r\n', 'Avenue Delleur\r\n', 1170, 'Watermael-Boitsfort', '+32 775 75 75', '', 'environnement.brussels/fiche/parc-du-jagersveld\r\n'),
(241, 'Parc Ten Reuken\r\n', 'Avenue du Grand Forestier, 1160\r\n', 1170, 'Watermael-Boitsfort', '+32 775 75 75', '', 'environnement.brussels/fiche/le-parc-ten-reuken\r\n'),
(242, 'Parc Tournay-Solvay\r\n', 'Chaussée de La Hulpe 199\r\n', 1170, 'Watermael-Boitsfort', '+32 775 75 75', '', 'fr.wikipedia.org/wiki/Parc_Tournay-Solvay\r\n'),
(243, 'Parc du Leybeek\r\n', 'Boulevard du Souverain \r\n', 1170, 'Watermael-Boitsfort', '+32 775 75 75', '', 'environnement.brussels/fiche/parc-du-leybeek\r\n'),
(244, 'Hof ter Musschen\r\n', 'Avenue E. Mounier 2\r\n', 1200, 'Woluwe-Saint-Lambert', '+32 774 01 10', '', 'gs-esf.be/downloads/topoguides/2018_Woluwe_FR.pdf\r\n'),
(245, 'Jardin Paul Moens\r\n\r\n', 'Avenue de l\'Idéal\r\n', 1200, 'Woluwe-Saint-Lambert', '+32 775 75 75', '', 'uclouvain.be/fr/decouvrir/jardin-des-plantes-woluwe.html\r\n'),
(246, 'Parc Malou\r\n', 'Boulevard de la Woluwe\r\n', 1200, 'Woluwe-Saint-Lambert', '+32 775 75 75', '', 'environnement.brussels/fiche/parc-malou\r\n'),
(247, 'Parc de Woluwe\r\n', 'Avenue de Tervueren\r\n', 1150, 'Woluwe-Saint-Pierre', '+32 775 75 75', '', 'visit.brussels/fr/place/Parc-de-Woluwe\r\n'),
(248, 'Parc Parmentier\r\n', 'Avenue Parmentier\r\n', 1150, 'Woluwe-Saint-Pierre', '+32 775 75 75', '', 'environnement.brussels/fiche/parc-parmentier\r\n'),
(249, 'Etangs Mellaerts\r\n', 'Avenue de Tervueren\r\n', 1150, 'Woluwe-Saint-Pierre', '+32 775 75 75', '', 'espacesverts.brussels/espaces-verts/etangs-mellaerts\r\n'),
(250, 'Parc des Sources\r\n', 'Boulevard de la Woluwe\r\n', 1150, 'Woluwe-Saint-Pierre', '+32 775 75 75', '', 'https://fr.woluwe1200.be/le-parc-des-sources\r\n'),
(251, 'Dominique Jacquemay', 'Rue Père Eudore Devroye 12', 1040, 'Etterbeek', '+32 473 44 97 19', '', 'www.qigong-bruxelles.be'),
(252, 'Atelier de l\'Insu', 'Rue du Brochet 19', 1050, 'Ixelles', '+32 2 646 43 04', 'ateliers@insu.be', 'www.insu.be'),
(253, 'Emergence xl', 'Rue du sceptre 13-19', 1050, 'Ixelles', '+32 2 515 69 81', 'info@emergencexl.com', 'www.emergencexl.com'),
(254, 'Souffle de rire ', 'Rue Léopold Wiener 32', 1170, 'Watermael-Boitsfort', '+32 478 30 17 69', 'paul@yoga-du-rire.be', 'www.yoga-du-rire.be'),
(255, 'Rhapsodie', 'Chaussée de Waterloo 788', 1180, 'Uccle', '+32 2 372 23 51', '', 'www.facebook.com/Rhapsodie.info'),
(256, 'Yoga Graciosa', 'Rue des Carmélites, 117', 1180, 'Uccle', '+32 483 04 60 68', 'info@yogagraciosa.be', 'www.yogagraciosa.be'),
(257, 'Isabelle Taquin', 'Avenue Général Bastin 20 ', 1200, 'Woluwé-St-Lambert ​', '+32 496 61 95 13', '', 'www.isabelletaquin.be'),
(258, 'Fais Pas Ton Marolle', 'Rue Haute 265/267', 1000, 'Bruxelles', '+32 2 502 33 05', 'info@fptm.be ', 'www.fptm.be'),
(259, 'Tai Chi Bruxelles', 'Rue Capouillet 35 ', 1050, 'Ixelles', '+32 2 772 68 72', 'hello@taichibruxelles.com', 'www.taichibruxelles.com'),
(260, 'Viviane Gutlerner', 'Rue du Trône 87', 1050, 'Ixelles', '+32 2 512 23 74', 'yogviv@yahoo.fr', 'www.vivianegutlerner.com'),
(261, 'Bikram', 'Avenue Louise 207', 1050, 'Ixelles', '+32 2 644 12 24', 'info@bikramyogalouise.be', 'www.bikramyogalouise.be'),
(262, 'Equilibre en Mouvement', 'Rue du Viaduc 133', 1050, 'Ixelles', '+32 486 03 58 33', 'equilibreenmouvement@hotmail.com', 'www.taichi-equilibre-en-mouvement.be'),
(263, 'Dojo du brochet', 'Rue du Brochet 55', 1050, 'Ixelles', '+32 475 38 57 25', 'admin@dojodubrochet.be', 'www.dojodubrochet.be'),
(264, 'Wu Ming', 'Chaussée de Boondael 218 ', 1050, 'Ixelles', '+32 473 65 33 34', '', 'www.ecoledetaichi.be'),
(265, 'Crescendo', 'Rue du Relais 63', 1050, 'Ixelles', '+32 2 672 01 52', 'question@taichi-belgium.com', 'www.taichi-belgium.com'),
(266, 'Symbio Sport Center', 'Avenue Jean Dubrucq 120', 1080, 'Molenbeek-Saint-Jean', '+32 2 426 55 10', '', ''),
(267, 'TCQG', 'Avenue des gloires nationales 126', 1083, 'Ganshoren', '+32 486 21 05 97', '', 'tcqg.be/fr'),
(268, 'ShinzuiKai', 'Rue Henrard 11', 1160, 'Auderghem', '+32 478 52 23 88', 'shinzuikai@gmail.com', 'www.shinzui.be'),
(269, 'Chantal Frère ', 'Rue des Bégonias 69', 1170, 'Watermael-Boitsfort', '+32 479 56 77 68', 'chantalfrere@hotmail.com  ', 'www.chantalfrere.com'),
(270, 'Tai Chi Bruxelles', 'Avenue de Fré 62 ', 1180, 'Uccle', '+32 2 772 68 72', 'hello@taichibruxelles.com', 'www.taichibruxelles.com'),
(271, 'Ashanta', 'Chaussée d\'Alsemberg 610', 1180, 'Uccle', '+32 2 340 67 81', '', 'www.yoga-ashtanga.net/'),
(272, 'Ecole de Taijiquan', 'Avenue Coghen 205', 1180, 'Uccle', '+32 65 84 63 64', 'info@taijiquan.be', 'www.taijiquan.be'),
(273, 'isabelletaquin.be', 'Rue Jean-Baptiste Timmermans 48', 1200, 'Woluwé-St-Lambert ​', '+32 2 772 68 72', 'hello@taichibruxelles.com', 'www.taichibruxelles.com'),
(274, 'Equilibre en Mouvement', 'Avenue des Vaillants 2 ', 1200, 'Woluwé-St-Lambert ​', '+32 486 035 833', 'equilibreenmouvement@hotmail.com', 'www.taichi-equilibre-en-mouvement.be'),
(275, 'Dessin et graffitis', 'Tomberg 52', 1200, 'Woluwé-St-Lambert ​', '+32 67 55 59 12', '', 'www.creacorner.be'),
(276, 'Muriel Lejeune', '8, Petite rue au Beurre ', 1000, 'Bruxelles', '+32 478 50 68 01', 'mulejeune@gmail.com', 'www.murielelle.blogspot.com'),
(277, 'Herboristerie du Pépin', 'rue du Pépin, 38', 1000, 'Bruxelles', '+32 2 538 78 88', 'info@herbodupepin.be', 'www.herbodupepin.be'),
(278, 'Les Ateliers Populaires', 'Rue Haute 88', 1000, 'Bruxelles', '+32 2 512 57 72', 'info@atelierspopulaires.be', 'www.atelierspopulaires.be'),
(279, 'Ceraca', 'Rue du Midi 144', 1000, 'Bruxelles', '+32 2 513 26 66', 'info@aacb.be', 'www.aacb.be'),
(280, 'Académie des Arts de la Ville', 'Rue Claessens 10', 1020, 'Laeken', '+32 2 422 03 30', 'sec.arts@brucity.education', 'www.acabxl.eu'),
(281, 'Art 21 Ateliers', '147, chaussée de Haecht', 1030, 'Schaerbeek', '+32 2 735 69 52', 'info@art21.be', 'www.art21.be/'),
(282, 'Dojo Zen Pagodes', 'Rue Metsys 91', 1030, 'Schaerbeek', '+32 473 80 94 68', 'sanghadespagodes@gmail.com', 'www.zenbruxellesdespagodes.be'),
(283, 'Atelier des Petits Pas', 'Rue de la Marne 12', 1030, 'Schaerbeek', '+32 2 216 52 04', 'atelier.despetitspas@chello.be', 'www.atelierdespetitspas.com'),
(284, 'Le Caméléon Bavard', 'Rue Vogler 38', 1030, 'Schaerbeek', '+32 476 45 66 92', 'mail@cameleonbavard.be', 'www.cameleonbavard.be'),
(285, 'Centre Culturel Schaerbeek', 'Rue de Locht 91-93', 1030, 'Schaerbeek', '+32 2 245 27 25', 'info@culture1030.be', 'www.culture1030.be'),
(286, 'YouDo', 'Rue de l’Etang 63', 1040, 'Etterbeek', '+32 2 588 00 91', 'info@youdo.be', 'www.youdo.be'),
(287, 'Atelier Côté Cour', 'Rue L. de Lantsheere 50', 1040, 'Etterbeek', '+32 2 733 76 52', 'ateliercotecour@gmail.com', 'www.ateliercotecour.be'),
(288, 'Rose Experience', 'Rue Saint Georges 97', 1050, 'Ixelles', '+32 479 76 65 26', 'julie@rose-experience.com', 'wwww.rose-experience.com'),
(289, 'Atelier Las Meninas', 'Rue Gray 122', 1050, 'Ixelles', '+32 2 644 33 42', 'info@lasmeninas.be', 'www.lasmeninas.be'),
(290, 'Créahm ', 'Rue Alphonse De Witte 30', 1050, 'Ixelles', '+32 2 537 78 02', 'creahm.bxl@skynet.be', 'www.creahm-bruxelles.be'),
(291, 'Les Ateliers de la Banane', 'Rue du Métal 38', 1060, 'Saint-Gilles', '+32 2 538 45 36', '', 'www.bananeatelier.be'),
(292, 'Mini Nanie', 'Rue de Veeweyde 67', 1070, 'Anderlecht', '+32 485 548 224', 'info@mininanie.be', 'www.mininanie.be'),
(293, 'Coin D’Art D’Anderlecht', 'Rue Van Lint 29', 1070, 'Anderlecht', '+32 495 71 55 75', 'coindart@gmail.com', 'www.coindart.blogspot.com'),
(294, 'Atelier Paloke', 'Rue Paloke 95', 1080, 'Molenbeek-Saint-Jean', '+32 485 47 45 75', 'info@atelierpaloke.be', 'www.atelierpaloke.be'),
(295, 'Le Centre Maritime', 'Rue Vandenboogaerde 93', 1080, 'Molenbeek-Saint-Jean', '+32 2 421 16 02', 'contact.ccm@molenbeek.irisnet.be', 'www.ccmaritime.wordpress.com'),
(296, 'Académie des Arts Visuels', 'Rue Mommaerts 2A', 1080, 'Molenbeek-Saint-Jean', '+32 2 414 82 43', 'academiedesarts@molenbeek.irisnet.be', 'users.skynet.be/academie/'),
(297, 'Artisanat rencontre', 'Rue Herkoliers 35', 1081, 'Koekelberg', '+32 476 33 20 64', 'info@artisanatrencontre.be', 'www.artisanatrencontre.be'),
(298, 'Archipel 19', 'Boulevard Léopold II 250', 1081, 'Koekelberg', '+32 2 469 26 75', 'info@archipel19.be', 'www.archipel19.be'),
(299, 'Archipel 19', 'Place de l’Église 15', 1082, 'Berchem-Sainte-Agathe', '+32 2 469 26 75', 'info@archipel19.be', 'www.archipel19.be'),
(300, 'Rising-Sun', 'Chaussée de Gand 1285', 1082, 'Berchem-Sainte-Agathe', '+32 477 67 18 94', 'rising.sun@gmx.fr', 'www.rising-sun.be'),
(301, 'Frédérique Coomans', 'Rue François Couteaux 8', 1090, 'Jette', '+32 2 538 28 65', '', 'www.frederiquecoomans.com'),
(302, 'L\'Armillaire', 'Bd de Smet de Naeyer 145', 1090, 'Jette', '+32 2 426 64 39', 'accueil@ccjette.be', 'www.ccjette.be'),
(303, 'Hade', 'Avenue du Bourgmestre Jean Neybergh 1', 1090, 'Jette', '+32 2 476 16 92', 'gianhade@skynet.be', 'www.hade.be'),
(304, 'GC Nohva', 'Peter Benoitplein 22', 1120, 'Neder-Over-Heembeek', '+32 2 268 20 82', 'gcnohva@vgc.be', 'www.gcnohva.be'),
(305, 'Yoga Haren', 'Kortenbachstraat 7', 1130, 'Haren', '+32 2 242 31 47', 'shinyyoga.asbl@gmail.com', 'www.gcdelinde.be'),
(306, 'De Linden', 'Kortenbachstraat 7', 1130, 'Haren', '+32 2 242 31 47', 'delinde@vgc.be', 'www.gcdelinde.be/nieuws/paper-friends-0'),
(307, 'L\'Entrela', 'Rue de Paris 43', 1140, 'Evere', '+32 2 241 15 83', 'info@lentrela.be', 'www.lentrela.be'),
(308, 'Académie de musique', 'Rue Stuckens 125', 1140, 'Evere', '+32 2 247 62 6', 'secretariat.academie@evere.brussels', 'www.academie-evere.be'),
(309, 'Yoga Centrum Evere', 'Windmolenstraat 39', 1140, 'Evere', '+32 475 23 20 79', 'vanbellingen-roegies@hotmail.com', 'www.sportinbrussel.be/'),
(310, 'Club Horizon', 'Avenue des Anciens Combattants 350', 1140, 'Evere', '+32 2 725 80 62', 'clubhorizon@skynet.be', 'www.clubhorizon.be'),
(311, 'Lion\'saut', 'Rue Blockmans, 14', 1150, 'Woluwe-Saint-Pierre', '+32 483 39 97 83', 'info@lionsaut.be', 'www.lionsaut.be'),
(312, 'Woluwart', 'Rue Jean Gérard Eggericx 1', 1150, 'Woluwe-Saint-Pierre', '+32 486 84 18 54', 'info@woluwart.be', 'www.woluwart.be'),
(313, 'Ateliers du Chant d’Oiseau', 'Avenue du Chant d’Oiseau 29', 1150, 'Woluwe-Saint-Pierre', '+32 2 771 60 66', 'ateliers-co@skynet.be', 'www.ateliers-co.be'),
(314, 'Plateau96', 'Rue du Duc 96', 1150, 'Woluwe-Saint-Pierre', '+32 2 770 92 50', 'info@plateau96.be', 'www.plateau96.be'),
(315, 'Atelier Mantra', 'Chaussée de Wavre 1598', 1160, 'Auderghem', '+32 496 79 39 98', 'info@muriellephilips.be', 'www.muriellephilips.be'),
(316, 'Académie Franz Constant', 'Rue des Ecoliers 7', 1160, 'Auderghem', '+32 2 673 54 98', 'info@academie-auderghem.be', 'www.academie-auderghem.be'),
(317, 'Kiryoku Aiki Dojo', 'Chaussée de Wavre 2057', 1160, 'Auderghem', '+32 2 707 44 77', 'info@kiryoku.be', 'www.kiryoku.be'),
(318, 'LaVignette', 'Rue de la Vignette 14', 1160, 'Auderghem', '+32 2 675 74 47', 'lavignettefitness@skynet.be', 'www.lavignettefitness.be '),
(319, 'Crea Danse', 'Avenue Charles Madoux 80', 1160, 'Auderghem', '+32 474 97 14 31', 'info@creadanse.be', 'www.creadanse.be'),
(320, 'Aca des Arts de la Scène', 'Rue François Ruytinx 31', 1170, 'Watermael-Boitsfort', '+32 2 673 76 97', 'aca.musique@wb.irisnet.be', 'www.acamusiquewb.be'),
(321, 'Académie des Beaux-Arts', 'Place Andrée Payfa-Fosséprez 10', 1170, 'Watermael-Boitsfort', '+32 2 673 76 92', 'aca.beaux-arts@wb.irisnet.be', 'wwww.pierrefromont59.wixsite.com/academie'),
(322, 'O-Ki', 'Place Keym 41', 1170, 'Watermael-Boitsfort', '+32 476 99 94 21', 'o-ki@o-ki.be ', 'www.o-ki.be'),
(323, 'L\'art du Chi', 'Drève du Duc 50', 1170, 'Watermael-Boitsfort', '+32 486 65 87 17', 'joelle.taichi@gmail.com', 'www.entre-terre-et-ciel.org'),
(324, 'Aikido Shin Gi Tai ', 'Rue des Nymphes 1 ', 1170, 'Watermael-Boitsfort', '+32 477 32 05 88', '', 'www.aikido-boitsfort.be'),
(325, 'Hatha Yoga', 'Rue des Merisiers 28', 1170, 'Watermael-Boitsfort', '+32 2 660 91 00', 'dkanarski@skynet.be', 'www.courshathayoga.be'),
(326, 'La Vénerie', 'Place Gilson 3', 1170, 'Watermael-Boitsfort', '+32 2 663 13 53', '', 'www.lavenerie.be'),
(327, 'yoga-attitude', 'Avenue des cailles 131', 1170, 'Watermael-Boitsfort', '+32 495 23 61 89', 'caroline@yoga-attitude.be', 'www.yoga-attitude.be'),
(328, 'Alternatures', 'Avenue de Beersel 31', 1180, 'Uccle', '', 'seb@alternatures.be', 'www.alternatures.be'),
(329, 'Yoga Côté Jardin', 'Avenue Jacques Pastur 39', 1180, 'Uccle', '+32 473 22 48 41', 'frederique@yogacotejardin.net', 'www.yogacotejardin.net'),
(330, 'Hata Yoga', 'Moensberg 21', 1180, 'Uccle', '+32 474 44 91 13', 'info@yogabruxelles.com', 'www.yogabruxelles.com'),
(331, 'Yoga Everest', 'Rue Ernest Gossart 31', 1180, 'Uccle', '', 'namaste@yoga-everest.be', 'www.yoga-everest.be/'),
(332, 'Akalyana', 'Rue du Doyenné 40', 1180, 'Uccle', '+32 495 48 65 46', 'akalyana.yoga@gmail.com', 'www.akalyana.com'),
(333, 'Studio Pilates', 'Rue Vanderkindere 542', 1180, 'Uccle', '+32 471 64 05 91', 'info@studio-pilates.be  ', 'www.studio-pilates.be'),
(334, 'Ajna Yoga', 'Chaussée de Saint-Job 456', 1180, 'Uccle', '+32 2 332 27 70', 'ajnayoga@live.be', 'www.ajnayoga.be'),
(335, 'Be Well', 'Rue Edith Cavell 202A', 1180, 'Uccle', '+32 2 375 56 64   ', 'bewell.brussels@gmail.com', 'www.bewell.brussels'),
(336, 'La Roseraie', 'Chaussée d’Alsemberg 1299', 1180, 'Uccle', '+32 2 376 46 45', 'communication@roseraie.org', 'www.roseraie.org'),
(337, 'Maraca', 'Place Saint-Denis 9', 1190, 'Forest', '+32 488 36 31 26 ', 'maraca.asbl@gmail.com', 'www.maraca-asbl.blogspot.com'),
(338, 'Form Elle', 'Chaussée d\'Alsemberg 342', 1190, 'Forest', '+32 2 345 05 47', 'cathyformelle@skynet.be', 'www.form-elle.be'),
(339, 'Shyama', 'Chaussée de Bruxelles 153', 1190, 'Forest', '+32 492 40 06 75', 'info@shyamayoga.com', 'www.shyamayoga.com'),
(340, 'Shanti Home', 'Rue Darwin 8', 1190, 'Forest', '+32 496 60 42 97', 'info@shantihome.be ', 'www.shantihome.be'),
(341, 'Théâtre de Millevie', 'Avenue de Monté-Carlo 61', 1190, 'Forest', '+32 2 343 74 08', '', 'www.millevie.org'),
(342, 'Ateliers de la rue Voot', 'Rue Voot 91', 1200, 'Woluwe-Saint-Lambert', '+32 2 762 48 93', 'info@voot.be', 'www.voot.be'),
(343, 'Rem-Aiki-Dojo', 'Avenue Mounier 87', 1200, 'Woluwe-Saint-Lambert', '+32 95 60 95 20', 'rem-aiki-dojo@telenet.be', 'www.rem-aiki-dojo.eu'),
(344, 'Yoga Loft', 'Place du Tomberg 18', 1200, 'Woluwe-Saint-Lambert', '+32 483 13 97 97', 'info@theyogaloft.be', 'wwww.brusselsyogaloft.com'),
(345, 'Le Silex', 'Rue Voot 82', 1200, 'Woluwe-Saint-Lambert', '+32 2 762 40 09 ', '', 'www.lesilex.be'),
(346, 'Salle Nelson Mandela', 'Rue Verte 50', 1210, 'Saint-Josse-ten-Noode', '+32 2 203 93 88', 'clejeune@sjtn.brussels', 'www.sjtn.brussels'),
(347, 'Académie des Beaux-Arts', 'Rue Potagère 52', 1210, 'Saint-Josse-ten-Noode', '+32 2 220 27 61', 'academiebeauxarts@sjtn.brussels', 'www.acastjosse.be'),
(348, 'Coin D’Art ', 'Rue Royale', 1210, 'Saint-Josse-ten-Noode', '+32 495 71 55 75', 'coindart@gmail.com', 'www.coindart.blogspot.com'),
(349, 'La pharmacie anglaise', 'Coudenberg 66', 1000, 'Bruxelles', '+32 489 56 07 36', 'info@lapharmacieanglaise.com', 'lapharmacieanglaise.com'),
(350, 'Hortense & Humus', 'Rue de Vergnies 2', 1050, 'Ixelles', '+32 3 87 89 34 22', 'info@humushortense.be', 'www.humusrestaurant.be'),
(351, 'Nemo 33', 'Rue de Stalle 333', 1180, 'Uccle', '+32 2 332 33 34', 'dive@nemo33.com', 'www.nemo33.com'),
(352, 'Life is beautiful', 'Rue Antoine Dansaert 161', 1000, 'Bruxelles', '+32 2 223 59 99', 'info@libcocktailbar.com', 'www.libcocktailbar.com'),
(353, 'Green Lab', 'Avenue Louise 520', 1000, 'Bruxelles', '+32 2 644 26 63', '', 'greenlab.bar'),
(354, 'Etiquette', 'Avenue Emile De Mot 19', 1000, 'Bruxelles', '', 'drink@etiquette-wines.com', 'www.etiquette-wines.com/etiquette_wines_espace'),
(355, 'Spirito', 'Rue de Stassart 18', 1050, 'Ixelles', '+32 488 24 88 01', 'corporate@spiritobrussels.com', 'spiritobrussels.com'),
(356, 'Le Balmoral', 'Place Georges Brugmann 21', 1050, 'Ixelles', '+32 2 347 08 82 ', '', 'lebalmoral.be/fr'),
(357, 'Goupil Le Fol', 'Rue de la Violette 22', 1000, 'Bruxelles', '+32 2 511 13 96', 'goupil.le.fol.bruxelles@gmail.com', 'www.goupillefol.com'),
(358, 'Café La Pompe', 'Chaussée de Waterloo 211', 1060, 'Saint-Gilles', '+32 470 42 51 00', '', 'www.cafelapompe.be'),
(359, 'La Bibliothèque Royale', 'Boulevard de l\'Empereur 4', 1000, 'Bruxelles', '', '', 'www.kbr.be/fr'),
(360, 'Là-Haut, au casino', 'Anspach Boulevard 30', 1000, 'Bruxelles', '+32 2 300 01 00', '', 'www.viage.com'),
(361, 'Beursschouwburg', 'Rue Auguste Orts 20-28', 1000, 'Bruxelles', '+32 2 550 03 50', 'info@beursschouwburg.be', 'www.beursschouwburg.be/nl/events/voetbalfestivaldufootball/rooftop-bar-terrace/'),
(362, 'Play Label Rooftop', 'Boulevard de l\'Empereur 36', 1000, 'Bruxelles', '+32 473 51 47 84', '', 'www.playlabelrecords.be'),
(363, 'Henri & Agnes', 'Rue Véronèse 48', 1000, 'Bruxelles', '', 'hello@henrietagnes.com', 'www.henrietagnes.com/#atelier-de-production-de-bonnes-choses'),
(364, 'Wiels', 'Avenue Van Volxem 354', 1000, 'Bruxelles', '', 'event@wiels.org', 'www.wiels.org/fr/115/La-Terrasse-Panoramique-'),
(365, 'JAM hôtel', 'Chaussée de Charleroi 132', 1060, 'Saint-Gilles', '+32 2 537 17 87', 'info@jamhotel.be', 'www.jamhotel.be/bars-restaurant/'),
(366, 'Musée le mim', 'Rue Montagne de la Cour 2', 1000, 'Bruxelles', '+32 2 545 01 30', 'info@mim.be', 'www.mim.be/fr');

-- --------------------------------------------------------

--
-- Structure de la table `t_rubrique`
--

CREATE TABLE `t_rubrique` (
  `id` int(10) UNSIGNED NOT NULL,
  `activite` varchar(50) COLLATE utf8mb4_bin NOT NULL,
  `sousRubrique` tinyint(1) NOT NULL
) ENGINE=InnoDB DEFAULT CHARSET=utf8mb4 COLLATE=utf8mb4_bin;

--
-- Déchargement des données de la table `t_rubrique`
--

INSERT INTO `t_rubrique` (`id`, `activite`, `sousRubrique`) VALUES
(1, 'Détente', 0),
(2, 'Spa', 1),
(3, 'Massage', 1),
(4, 'Lieu Insolite', 1),
(7, 'Nature', 0),
(8, 'Self-thérapie', 0),
(9, 'Art-Thérapie', 1),
(10, 'Méditation', 1),
(11, 'Sport', 0),
(12, 'Yoga', 1),
(13, 'Pilate', 1),
(14, 'Thai-Chi', 1),
(15, 'Qi gong', 1),
(16, 'Shiatsu', 1),
(17, 'Marche Nordique', 1),
(18, 'Aikido', 1);

-- --------------------------------------------------------

--
-- Structure de la table `t_rubriquerelax`
--

CREATE TABLE `t_rubriquerelax` (
  `idRR` int(10) UNSIGNED NOT NULL,
  `idRelax` int(10) UNSIGNED NOT NULL,
  `idRubrique` int(10) UNSIGNED NOT NULL
) ENGINE=InnoDB DEFAULT CHARSET=utf8mb4 COLLATE=utf8mb4_bin;

--
-- Déchargement des données de la table `t_rubriquerelax`
--

INSERT INTO `t_rubriquerelax` (`idRR`, `idRelax`, `idRubrique`) VALUES
(1, 3, 1),
(2, 4, 12),
(3, 5, 7),
(4, 6, 9),
(5, 7, 7),
(6, 9, 1),
(7, 9, 2),
(8, 10, 1),
(9, 10, 2),
(10, 11, 1),
(11, 11, 2),
(12, 12, 1),
(13, 12, 2),
(14, 12, 3),
(15, 11, 3),
(16, 11, 12),
(17, 11, 11),
(18, 12, 11),
(19, 12, 12),
(20, 9, 1),
(21, 9, 3),
(22, 13, 1),
(23, 13, 2),
(26, 13, 3),
(27, 14, 1),
(28, 14, 2),
(34, 15, 1),
(35, 15, 3),
(36, 16, 1),
(37, 16, 2),
(38, 17, 1),
(39, 17, 2),
(40, 17, 3),
(41, 17, 11),
(42, 17, 12),
(43, 18, 11),
(44, 18, 12),
(45, 18, 1),
(46, 18, 2),
(47, 18, 3),
(48, 3, 2),
(49, 19, 1),
(50, 19, 2),
(51, 19, 3),
(52, 20, 1),
(53, 20, 2),
(54, 21, 1),
(55, 21, 3),
(56, 22, 1),
(57, 22, 3),
(58, 23, 1),
(59, 23, 3),
(60, 24, 1),
(61, 24, 3),
(62, 25, 1),
(63, 25, 3),
(64, 26, 1),
(65, 26, 3),
(66, 26, 11),
(67, 26, 12),
(68, 27, 1),
(69, 27, 3),
(70, 28, 1),
(71, 28, 3),
(72, 29, 1),
(73, 29, 3),
(74, 30, 1),
(75, 30, 3),
(76, 31, 1),
(77, 31, 3),
(78, 32, 1),
(79, 32, 3),
(80, 33, 1),
(81, 33, 3),
(82, 34, 1),
(83, 34, 3),
(84, 36, 11),
(85, 36, 12),
(86, 36, 8),
(87, 36, 10),
(88, 37, 1),
(89, 37, 3),
(90, 38, 1),
(91, 38, 3),
(92, 39, 1),
(93, 39, 3),
(94, 40, 1),
(95, 40, 3),
(96, 41, 1),
(97, 41, 3),
(98, 42, 1),
(99, 42, 3),
(100, 43, 1),
(101, 43, 3),
(102, 44, 1),
(103, 44, 3),
(104, 44, 8),
(105, 44, 10),
(106, 44, 11),
(107, 44, 12),
(108, 45, 1),
(109, 45, 3),
(110, 45, 8),
(111, 45, 10),
(112, 46, 1),
(113, 46, 3),
(114, 47, 1),
(115, 47, 3),
(116, 48, 11),
(117, 48, 12),
(118, 48, 13),
(119, 49, 8),
(122, 49, 10),
(123, 50, 11),
(124, 50, 12),
(125, 51, 11),
(126, 51, 12),
(127, 51, 1),
(128, 51, 3),
(129, 52, 11),
(130, 52, 1),
(131, 52, 13),
(132, 53, 11),
(133, 53, 12),
(134, 53, 13),
(135, 53, 8),
(136, 53, 10),
(137, 54, 11),
(138, 54, 12),
(139, 55, 11),
(140, 55, 12),
(141, 56, 11),
(142, 56, 12),
(143, 57, 11),
(144, 57, 12),
(145, 58, 11),
(146, 58, 12),
(147, 59, 11),
(148, 59, 12),
(149, 60, 11),
(150, 60, 12),
(151, 60, 13),
(152, 60, 1),
(153, 60, 3),
(154, 61, 11),
(155, 61, 12),
(156, 62, 11),
(157, 62, 12),
(158, 63, 11),
(159, 63, 16),
(160, 63, 12),
(161, 90, 7),
(162, 91, 7),
(163, 94, 7),
(164, 95, 7),
(165, 98, 7),
(166, 99, 7),
(167, 100, 7),
(168, 101, 7),
(169, 102, 7),
(170, 103, 7),
(171, 104, 7),
(172, 105, 7),
(173, 111, 8),
(174, 111, 10),
(175, 112, 8),
(176, 112, 10),
(177, 113, 8),
(178, 113, 10),
(179, 114, 8),
(180, 114, 10),
(181, 115, 8),
(182, 115, 10),
(183, 116, 1),
(184, 116, 3),
(185, 117, 8),
(186, 117, 10),
(187, 118, 8),
(188, 118, 10),
(189, 119, 8),
(190, 119, 10),
(191, 119, 11),
(192, 119, 12),
(193, 120, 8),
(194, 120, 10),
(197, 122, 8),
(198, 122, 10),
(199, 123, 1),
(200, 123, 2),
(202, 123, 3),
(203, 124, 1),
(204, 124, 2),
(206, 124, 3),
(207, 125, 1),
(208, 125, 2),
(210, 125, 3),
(211, 126, 1),
(212, 126, 3),
(213, 127, 8),
(214, 127, 10),
(215, 128, 8),
(216, 128, 10),
(217, 129, 8),
(218, 129, 10),
(221, 131, 8),
(222, 131, 10),
(223, 132, 8),
(224, 132, 10),
(225, 133, 8),
(226, 133, 10),
(227, 134, 8),
(228, 134, 10),
(229, 135, 1),
(230, 135, 2),
(231, 135, 3),
(232, 136, 1),
(233, 136, 3),
(234, 137, 8),
(235, 137, 10),
(236, 138, 8),
(237, 138, 10),
(238, 139, 8),
(239, 139, 10),
(240, 140, 8),
(241, 140, 10),
(242, 141, 8),
(243, 141, 10),
(244, 142, 8),
(245, 142, 10),
(246, 143, 8),
(247, 143, 10),
(248, 144, 8),
(249, 144, 10),
(250, 145, 8),
(251, 145, 10),
(252, 146, 8),
(253, 146, 10),
(254, 147, 8),
(255, 147, 10),
(256, 148, 8),
(257, 148, 10),
(258, 149, 8),
(259, 149, 10),
(260, 150, 8),
(261, 150, 10),
(263, 151, 1),
(264, 151, 2),
(265, 151, 3),
(266, 152, 8),
(267, 152, 10),
(268, 153, 8),
(269, 153, 10),
(270, 154, 8),
(271, 154, 10),
(272, 155, 8),
(273, 155, 10),
(274, 156, 8),
(275, 156, 10),
(276, 158, 8),
(277, 158, 10),
(278, 159, 8),
(279, 159, 10),
(280, 160, 8),
(281, 160, 10),
(282, 161, 8),
(283, 161, 10),
(284, 161, 11),
(285, 161, 12),
(286, 162, 8),
(287, 162, 10),
(288, 163, 8),
(289, 163, 10),
(290, 164, 8),
(291, 164, 10),
(294, 166, 8),
(295, 166, 10),
(296, 157, 8),
(297, 157, 10),
(302, 168, 8),
(303, 168, 10),
(304, 169, 8),
(305, 169, 10),
(306, 169, 11),
(307, 169, 12),
(308, 170, 8),
(309, 170, 10),
(310, 171, 8),
(311, 171, 10),
(312, 172, 8),
(313, 172, 10),
(314, 173, 8),
(315, 173, 10),
(316, 174, 8),
(317, 174, 10),
(318, 175, 8),
(319, 175, 10),
(320, 176, 8),
(321, 176, 10),
(322, 177, 8),
(323, 177, 10),
(324, 177, 11),
(325, 177, 12),
(326, 178, 1),
(327, 178, 3),
(332, 180, 8),
(333, 180, 10),
(334, 181, 8),
(335, 181, 10),
(336, 182, 8),
(337, 182, 10),
(338, 182, 11),
(339, 182, 12),
(340, 183, 8),
(341, 183, 10),
(342, 184, 1),
(343, 184, 4),
(344, 185, 1),
(345, 185, 4),
(346, 186, 1),
(347, 186, 4),
(348, 187, 7),
(349, 188, 7),
(350, 189, 7),
(351, 190, 7),
(352, 191, 7),
(353, 192, 7),
(354, 193, 7),
(355, 194, 7),
(356, 195, 7),
(357, 196, 7),
(358, 197, 7),
(359, 198, 7),
(360, 199, 7),
(361, 200, 7),
(362, 201, 7),
(363, 202, 7),
(364, 203, 7),
(365, 204, 7),
(366, 205, 7),
(367, 206, 7),
(368, 207, 7),
(369, 208, 7),
(370, 209, 7),
(371, 210, 7),
(372, 211, 7),
(373, 212, 7),
(374, 213, 7),
(375, 214, 7),
(376, 215, 7),
(377, 216, 7),
(378, 217, 7),
(387, 218, 7),
(388, 219, 7),
(407, 220, 7),
(408, 221, 7),
(409, 222, 7),
(410, 223, 7),
(411, 224, 7),
(412, 225, 7),
(413, 226, 7),
(414, 227, 7),
(415, 228, 7),
(416, 229, 7),
(417, 230, 7),
(418, 231, 7),
(419, 232, 7),
(420, 233, 7),
(421, 234, 7),
(422, 235, 7),
(423, 236, 7),
(424, 237, 7),
(425, 238, 7),
(426, 239, 7),
(427, 240, 7),
(428, 241, 7),
(429, 242, 7),
(430, 243, 7),
(431, 244, 7),
(432, 245, 7),
(433, 246, 7),
(434, 247, 7),
(435, 248, 7),
(436, 249, 7),
(437, 250, 7),
(438, 64, 11),
(439, 64, 12),
(440, 65, 11),
(441, 65, 12),
(442, 66, 11),
(443, 66, 12),
(444, 67, 11),
(445, 67, 12),
(446, 67, 13),
(447, 67, 17),
(448, 67, 1),
(449, 67, 3),
(450, 68, 11),
(451, 68, 12),
(452, 70, 11),
(453, 70, 12),
(454, 71, 11),
(455, 71, 12),
(456, 71, 8),
(457, 71, 10),
(458, 72, 11),
(459, 72, 12),
(460, 73, 11),
(461, 73, 12),
(462, 74, 11),
(463, 74, 12),
(464, 6, 8),
(465, 4, 11),
(469, 75, 11),
(470, 75, 12),
(471, 75, 18),
(472, 76, 11),
(473, 76, 12),
(474, 77, 11),
(475, 77, 15),
(476, 78, 11),
(477, 78, 14),
(478, 79, 1),
(479, 79, 3),
(480, 80, 8),
(481, 80, 10),
(482, 81, 11),
(483, 81, 12),
(484, 81, 8),
(485, 81, 10),
(486, 82, 11),
(487, 82, 12),
(488, 82, 1),
(489, 82, 3),
(490, 83, 11),
(491, 83, 12),
(492, 84, 11),
(493, 84, 15),
(494, 85, 8),
(495, 85, 10),
(496, 86, 11),
(497, 86, 12),
(498, 87, 11),
(499, 87, 12),
(500, 88, 11),
(501, 88, 12),
(502, 89, 11),
(503, 89, 12),
(504, 69, 11),
(505, 69, 12),
(506, 69, 13),
(507, 251, 11),
(508, 251, 15),
(509, 252, 8),
(510, 252, 9),
(511, 253, 11),
(512, 253, 12),
(513, 254, 11),
(514, 254, 12),
(515, 255, 8),
(516, 255, 9),
(517, 256, 11),
(518, 256, 12),
(519, 257, 8),
(520, 257, 10),
(521, 52, 3),
(522, 258, 11),
(523, 258, 12),
(524, 258, 13),
(525, 259, 11),
(526, 259, 14),
(527, 260, 11),
(528, 260, 12),
(529, 261, 11),
(530, 261, 12),
(531, 262, 11),
(532, 262, 14),
(533, 263, 11),
(534, 263, 12),
(535, 263, 13),
(536, 263, 15),
(537, 263, 16),
(538, 263, 18),
(539, 264, 11),
(540, 264, 14),
(541, 265, 11),
(542, 265, 14),
(543, 265, 15),
(544, 265, 8),
(545, 265, 10),
(546, 266, 11),
(547, 266, 12),
(548, 267, 11),
(549, 267, 14),
(550, 267, 15),
(551, 268, 11),
(552, 268, 15),
(553, 268, 16),
(554, 269, 8),
(555, 269, 9),
(556, 270, 11),
(557, 270, 14),
(558, 271, 11),
(559, 271, 12),
(560, 272, 11),
(561, 272, 14),
(562, 273, 11),
(563, 273, 14),
(564, 274, 11),
(565, 274, 14),
(566, 275, 8),
(567, 275, 9),
(568, 276, 8),
(569, 276, 9),
(570, 277, 8),
(571, 277, 9),
(572, 278, 8),
(573, 278, 9),
(574, 279, 8),
(575, 279, 9),
(576, 280, 8),
(577, 280, 9),
(578, 281, 8),
(579, 281, 9),
(580, 282, 8),
(581, 282, 10),
(582, 283, 8),
(583, 283, 9),
(584, 284, 8),
(585, 284, 9),
(586, 285, 8),
(587, 285, 9),
(588, 286, 8),
(589, 286, 9),
(590, 287, 8),
(591, 287, 9),
(592, 288, 8),
(593, 288, 9),
(594, 288, 10),
(595, 289, 8),
(596, 289, 9),
(597, 290, 8),
(598, 290, 9),
(599, 291, 8),
(600, 291, 9),
(601, 292, 8),
(602, 292, 9),
(603, 293, 8),
(604, 293, 9),
(605, 294, 8),
(606, 294, 9),
(607, 295, 8),
(608, 295, 9),
(609, 295, 11),
(610, 295, 12),
(611, 296, 8),
(612, 296, 9),
(613, 297, 8),
(614, 297, 9),
(615, 298, 8),
(616, 298, 9),
(617, 299, 8),
(618, 299, 9),
(619, 299, 11),
(620, 299, 12),
(621, 300, 11),
(622, 300, 18),
(623, 301, 8),
(624, 301, 9),
(625, 302, 8),
(626, 302, 9),
(627, 302, 11),
(628, 302, 12),
(629, 302, 14),
(630, 303, 11),
(631, 303, 12),
(632, 303, 8),
(633, 303, 10),
(634, 304, 8),
(635, 304, 9),
(636, 305, 11),
(637, 305, 12),
(638, 306, 8),
(639, 306, 9),
(640, 309, 11),
(641, 309, 12),
(642, 310, 11),
(643, 310, 18),
(644, 307, 8),
(645, 307, 9),
(646, 307, 11),
(647, 307, 12),
(648, 308, 8),
(649, 308, 9),
(650, 311, 1),
(651, 311, 3),
(652, 312, 8),
(653, 312, 9),
(654, 313, 8),
(655, 313, 9),
(656, 314, 8),
(657, 314, 9),
(658, 315, 8),
(659, 315, 10),
(660, 316, 8),
(661, 316, 9),
(662, 317, 11),
(663, 317, 18),
(664, 318, 11),
(665, 318, 13),
(666, 319, 8),
(667, 319, 9),
(668, 320, 8),
(669, 320, 9),
(670, 321, 8),
(671, 321, 9),
(672, 322, 11),
(673, 322, 12),
(674, 322, 15),
(675, 322, 8),
(676, 322, 10),
(677, 323, 11),
(678, 323, 15),
(679, 324, 11),
(680, 324, 18),
(681, 325, 11),
(682, 325, 12),
(683, 325, 8),
(684, 325, 10),
(685, 326, 8),
(686, 326, 9),
(687, 327, 11),
(688, 327, 12),
(689, 328, 8),
(690, 328, 9),
(691, 329, 11),
(692, 329, 12),
(693, 330, 11),
(694, 330, 12),
(695, 331, 11),
(696, 331, 12),
(697, 332, 11),
(698, 332, 12),
(699, 332, 8),
(700, 332, 10),
(701, 333, 11),
(702, 333, 13),
(703, 334, 11),
(704, 334, 12),
(705, 334, 8),
(706, 334, 10),
(707, 335, 11),
(708, 335, 12),
(709, 335, 13),
(710, 335, 1),
(711, 335, 3),
(712, 336, 8),
(713, 336, 9),
(714, 337, 8),
(715, 337, 9),
(716, 338, 11),
(717, 338, 13),
(718, 339, 11),
(719, 339, 12),
(720, 340, 11),
(721, 340, 12),
(722, 340, 8),
(723, 340, 10),
(724, 340, 1),
(725, 340, 3),
(726, 341, 8),
(727, 341, 9),
(728, 342, 8),
(729, 342, 9),
(730, 343, 11),
(731, 343, 18),
(732, 344, 11),
(733, 344, 12),
(734, 344, 8),
(735, 344, 10),
(736, 344, 1),
(737, 344, 3),
(738, 345, 8),
(739, 345, 9),
(740, 346, 11),
(741, 346, 12),
(742, 347, 8),
(743, 347, 9),
(744, 348, 8),
(745, 348, 9),
(746, 349, 1),
(747, 349, 4),
(748, 350, 1),
(749, 350, 4),
(750, 351, 1),
(751, 351, 4),
(752, 352, 1),
(753, 352, 4),
(754, 353, 1),
(755, 353, 4),
(756, 354, 1),
(757, 354, 4),
(758, 355, 1),
(759, 355, 4),
(760, 356, 1),
(761, 356, 4),
(762, 357, 1),
(763, 357, 4),
(764, 358, 1),
(765, 358, 4),
(766, 359, 1),
(767, 359, 4),
(768, 360, 1),
(769, 360, 4),
(770, 361, 1),
(771, 361, 4),
(772, 362, 1),
(773, 362, 4),
(774, 363, 1),
(775, 363, 4),
(776, 364, 1),
(777, 364, 4),
(778, 365, 1),
(779, 365, 4),
(780, 366, 1),
(781, 366, 4);

--
-- Index pour les tables déchargées
--

--
-- Index pour la table `t_agenda`
--
ALTER TABLE `t_agenda`
  ADD PRIMARY KEY (`id`);

--
-- Index pour la table `t_relax`
--
ALTER TABLE `t_relax`
  ADD PRIMARY KEY (`id`);

--
-- Index pour la table `t_rubrique`
--
ALTER TABLE `t_rubrique`
  ADD PRIMARY KEY (`id`);

--
-- Index pour la table `t_rubriquerelax`
--
ALTER TABLE `t_rubriquerelax`
  ADD PRIMARY KEY (`idRR`),
  ADD KEY `c_relax1` (`idRelax`),
  ADD KEY `c_relax2` (`idRubrique`);

--
-- AUTO_INCREMENT pour les tables déchargées
--

--
-- AUTO_INCREMENT pour la table `t_agenda`
--
ALTER TABLE `t_agenda`
  MODIFY `id` int(11) NOT NULL AUTO_INCREMENT, AUTO_INCREMENT=58;

--
-- AUTO_INCREMENT pour la table `t_relax`
--
ALTER TABLE `t_relax`
  MODIFY `id` int(10) UNSIGNED NOT NULL AUTO_INCREMENT, AUTO_INCREMENT=367;

--
-- AUTO_INCREMENT pour la table `t_rubrique`
--
ALTER TABLE `t_rubrique`
  MODIFY `id` int(10) UNSIGNED NOT NULL AUTO_INCREMENT, AUTO_INCREMENT=19;

--
-- AUTO_INCREMENT pour la table `t_rubriquerelax`
--
ALTER TABLE `t_rubriquerelax`
  MODIFY `idRR` int(10) UNSIGNED NOT NULL AUTO_INCREMENT, AUTO_INCREMENT=782;

--
-- Contraintes pour les tables déchargées
--

--
-- Contraintes pour la table `t_rubriquerelax`
--
ALTER TABLE `t_rubriquerelax`
  ADD CONSTRAINT `c_relax1` FOREIGN KEY (`idRelax`) REFERENCES `t_relax` (`id`),
  ADD CONSTRAINT `c_relax2` FOREIGN KEY (`idRubrique`) REFERENCES `t_rubrique` (`id`);

/*!40101 SET CHARACTER_SET_CLIENT=@OLD_CHARACTER_SET_CLIENT */;
/*!40101 SET CHARACTER_SET_RESULTS=@OLD_CHARACTER_SET_RESULTS */;
/*!40101 SET COLLATION_CONNECTION=@OLD_COLLATION_CONNECTION */;
